id_subsistema;nom_subsistema;ear_data;ear_max_subsistema;ear_verif_subsistema_mwmes;ear_verif_subsistema_percentual
NE;NORDESTE;2022-01-01;51691.22656250;27606.84179688;53.40719986
N;NORTE;2022-01-01;15302.39648438;8840.00878906;57.76879883
SE;SUDESTE;2022-01-01;204615.32812500;53617.55468750;26.20409966
S;SUL;2022-01-01;19657.33007813;8390.96582031;42.68619919
NE;NORDESTE;2022-01-02;51691.22656250;28145.93554688;54.45009995
N;NORTE;2022-01-02;15302.39648438;9299.69531250;60.77280045
SE;SUDESTE;2022-01-02;204615.32812500;54819.22265625;26.79140091
S;SUL;2022-01-02;19657.33007813;8376.35937500;42.61190033
NE;NORDESTE;2022-01-03;51691.22656250;28747.97656250;55.61479950
N;NORTE;2022-01-03;15302.39648438;9684.40527344;63.28689957
SE;SUDESTE;2022-01-03;204615.32812500;55829.32812500;27.28499985
S;SUL;2022-01-03;19657.33007813;8303.96875000;42.24359894
NE;NORDESTE;2022-01-04;51691.22656250;29243.49609375;56.57339859
N;NORTE;2022-01-04;15302.39648438;10059.08300781;65.73529816
SE;SUDESTE;2022-01-04;204615.32812500;56975.53906250;27.84519958
S;SUL;2022-01-04;19657.33007813;8245.07128906;41.94400024
NE;NORDESTE;2022-01-05;51691.22656250;29740.85742188;57.53559875
N;NORTE;2022-01-05;15302.39648438;10394.74511719;67.92890167
SE;SUDESTE;2022-01-05;204615.32812500;58259.07812500;28.47249985
S;SUL;2022-01-05;19657.33007813;8200.17871094;41.71559906
NE;NORDESTE;2022-01-06;51691.22656250;30197.49414063;58.41899872
N;NORTE;2022-01-06;15302.39648438;10659.40039063;69.65840149
SE;SUDESTE;2022-01-06;204615.32812500;59533.40625000;29.09530067
S;SUL;2022-01-06;19657.33007813;8146.54003906;41.44279861
NE;NORDESTE;2022-01-07;51691.22656250;30882.97265625;59.74509811
N;NORTE;2022-01-07;15302.39648438;10914.86425781;71.32779694
SE;SUDESTE;2022-01-07;204615.32812500;61176.73828125;29.89839935
S;SUL;2022-01-07;19657.33007813;8121.46777344;41.31520081
NE;NORDESTE;2022-01-08;51691.22656250;31559.56054688;61.05400085
N;NORTE;2022-01-08;15302.39648438;11203.61425781;73.21479797
SE;SUDESTE;2022-01-08;204615.32812500;62848.17578125;30.71529961
S;SUL;2022-01-08;19657.33007813;8121.85009766;41.31719971
NE;NORDESTE;2022-01-09;51691.22656250;32244.83984375;62.37969971
N;NORTE;2022-01-09;15302.39648438;11473.56640625;74.97889709
SE;SUDESTE;2022-01-09;204615.32812500;64742.87500000;31.64130020
S;SUL;2022-01-09;19657.33007813;8104.32177734;41.22800064
NE;NORDESTE;2022-01-10;51691.22656250;33080.23828125;63.99580002
N;NORTE;2022-01-10;15302.39648438;11749.22363281;76.78029633
SE;SUDESTE;2022-01-10;204615.32812500;66589.85156250;32.54389954
S;SUL;2022-01-10;19657.33007813;8060.77099609;41.00640106
NE;NORDESTE;2022-01-11;51691.22656250;34096.67187500;65.96219635
N;NORTE;2022-01-11;15302.39648438;12008.37011719;78.47380066
SE;SUDESTE;2022-01-11;204615.32812500;68665.66406250;33.55839920
S;SUL;2022-01-11;19657.33007813;8002.58007813;40.71039963
NE;NORDESTE;2022-01-12;51691.22656250;34952.96875000;67.61879730
N;NORTE;2022-01-12;15302.39648438;12303.82324219;80.40460205
SE;SUDESTE;2022-01-12;204615.32812500;70622.82812500;34.51490021
S;SUL;2022-01-12;19657.33007813;7927.11621094;40.32649994
NE;NORDESTE;2022-01-13;51691.22656250;35755.65625000;69.17160034
N;NORTE;2022-01-13;15302.39648438;12526.67675781;81.86090088
SE;SUDESTE;2022-01-13;204615.32812500;72318.89062500;35.34379959
S;SUL;2022-01-13;19657.33007813;7846.36523438;39.91569901
NE;NORDESTE;2022-01-14;51691.22656250;36349.84765625;70.32109833
N;NORTE;2022-01-14;15302.39648438;12720.29199219;83.12609863
SE;SUDESTE;2022-01-14;204615.32812500;73726.71093750;36.03189850
S;SUL;2022-01-14;19657.33007813;7736.54394531;39.35699844
NE;NORDESTE;2022-01-15;51691.22656250;36904.30859375;71.39379883
N;NORTE;2022-01-15;15302.39648438;12854.44042969;84.00279999
SE;SUDESTE;2022-01-15;204615.32812500;74851.63281250;36.58160019
S;SUL;2022-01-15;19657.33007813;7706.05517578;39.20190048
NE;NORDESTE;2022-01-16;51691.22656250;37177.31640625;71.92189789
N;NORTE;2022-01-16;15302.39648438;12955.71679688;84.66459656
SE;SUDESTE;2022-01-16;204615.32812500;76022.41406250;37.15380096
S;SUL;2022-01-16;19657.33007813;7678.95410156;39.06409836
NE;NORDESTE;2022-01-17;51691.22656250;37408.95312500;72.37000275
N;NORTE;2022-01-17;15302.39648438;13041.84472656;85.22750092
SE;SUDESTE;2022-01-17;204615.32812500;76783.50000000;37.52579880
S;SUL;2022-01-17;19657.33007813;7595.72802734;38.64070129
NE;NORDESTE;2022-01-18;51691.22656250;37611.23437500;72.76129913
N;NORTE;2022-01-18;15302.39648438;13103.32128906;85.62920380
SE;SUDESTE;2022-01-18;204615.32812500;77605.25781250;37.92739868
S;SUL;2022-01-18;19657.33007813;7514.59277344;38.22790146
NE;NORDESTE;2022-01-19;51691.22656250;37861.68359375;73.24590302
N;NORTE;2022-01-19;15302.39648438;13149.35351563;85.93000031
SE;SUDESTE;2022-01-19;204615.32812500;78306.60937500;38.27019882
S;SUL;2022-01-19;19657.33007813;7465.21093750;37.97669983
NE;NORDESTE;2022-01-20;51691.22656250;37916.33984375;73.35160065
N;NORTE;2022-01-20;15302.39648438;13185.85351563;86.16860199
SE;SUDESTE;2022-01-20;204615.32812500;78960.71093750;38.58980179
S;SUL;2022-01-20;19657.33007813;7399.78417969;37.64390182
NE;NORDESTE;2022-01-21;51691.22656250;37944.41015625;73.40589905
N;NORTE;2022-01-21;15302.39648438;13214.77539063;86.35759735
SE;SUDESTE;2022-01-21;204615.32812500;79548.59375000;38.87710190
S;SUL;2022-01-21;19657.33007813;7300.62207031;37.13940048
NE;NORDESTE;2022-01-22;51691.22656250;37905.03515625;73.32969666
N;NORTE;2022-01-22;15302.39648438;13224.48144531;86.42099762
SE;SUDESTE;2022-01-22;204615.32812500;80158.39843750;39.17520142
S;SUL;2022-01-22;19657.33007813;7292.64208984;37.09880066
NE;NORDESTE;2022-01-23;51691.22656250;37906.05078125;73.33170319
N;NORTE;2022-01-23;15302.39648438;13236.52246094;86.49970245
SE;SUDESTE;2022-01-23;204615.32812500;80795.07031250;39.48630142
S;SUL;2022-01-23;19657.33007813;7277.27587891;37.02069855
NE;NORDESTE;2022-01-24;51691.22656250;37836.48437500;73.19709778
N;NORTE;2022-01-24;15302.39648438;13234.75097656;86.48809814
SE;SUDESTE;2022-01-24;204615.32812500;81119.83593750;39.64500046
S;SUL;2022-01-24;19657.33007813;7140.70117188;36.32590103
NE;NORDESTE;2022-01-25;51691.22656250;37764.94921875;73.05870056
N;NORTE;2022-01-25;15302.39648438;13217.02246094;86.37220001
SE;SUDESTE;2022-01-25;204615.32812500;81374.31250000;39.76940155
S;SUL;2022-01-25;19657.33007813;7025.86279297;35.74169922
NE;NORDESTE;2022-01-26;51691.22656250;37747.53125000;73.02500153
N;NORTE;2022-01-26;15302.39648438;13248.19531250;86.57599640
SE;SUDESTE;2022-01-26;204615.32812500;81682.13281250;39.91979980
S;SUL;2022-01-26;19657.33007813;6900.58984375;35.10440063
NE;NORDESTE;2022-01-27;51691.22656250;37742.56640625;73.01540375
N;NORTE;2022-01-27;15302.39648438;13283.53515625;86.80690002
SE;SUDESTE;2022-01-27;204615.32812500;81984.27343750;40.06750107
S;SUL;2022-01-27;19657.33007813;6806.77587891;34.62720108
NE;NORDESTE;2022-01-28;51691.22656250;37762.27734375;73.05359650
N;NORTE;2022-01-28;15302.39648438;13358.08984375;87.29409790
SE;SUDESTE;2022-01-28;204615.32812500;82402.71093750;40.27199936
S;SUL;2022-01-28;19657.33007813;6755.63183594;34.36700058
NE;NORDESTE;2022-01-29;51691.22656250;37795.47265625;73.11779785
N;NORTE;2022-01-29;15302.39648438;13462.27636719;87.97499847
SE;SUDESTE;2022-01-29;204615.32812500;83068.50000000;40.59740067
S;SUL;2022-01-29;19657.33007813;6846.80615234;34.83079910
NE;NORDESTE;2022-01-30;51691.22656250;37913.85546875;73.34680176
N;NORTE;2022-01-30;15302.39648438;13576.01464844;88.71820068
SE;SUDESTE;2022-01-30;204615.32812500;84256.67187500;41.17810059
S;SUL;2022-01-30;19657.33007813;6938.01220703;35.29479980
NE;NORDESTE;2022-01-31;51691.22656250;37912.33203125;73.34380341
N;NORTE;2022-01-31;15302.39648438;13643.12500000;89.15679932
SE;SUDESTE;2022-01-31;204615.32812500;85352.97656250;41.71390152
S;SUL;2022-01-31;19657.33007813;6962.20312500;35.41780090
NE;NORDESTE;2022-02-01;51691.22656250;37924.10937500;73.36660004
N;NORTE;2022-02-01;15302.39648438;13683.83984375;89.42289734
SE;SUDESTE;2022-02-01;204615.32812500;86438.37500000;42.24430084
S;SUL;2022-02-01;19657.33007813;6943.41796875;35.32229996
NE;NORDESTE;2022-02-02;51691.22656250;37947.86328125;73.41259766
N;NORTE;2022-02-02;15302.39648438;13694.54687500;89.49279785
SE;SUDESTE;2022-02-02;204615.32812500;87600.71093750;42.81240082
S;SUL;2022-02-02;19657.33007813;6902.74023438;35.11529922
NE;NORDESTE;2022-02-03;51691.22656250;37957.46484375;73.43119812
N;NORTE;2022-02-03;15302.39648438;13722.64160156;89.67639923
SE;SUDESTE;2022-02-03;204615.32812500;88895.99218750;43.44540024
S;SUL;2022-02-03;19657.33007813;6835.38623047;34.77270126
NE;NORDESTE;2022-02-04;51691.22656250;37966.25390625;73.44819641
N;NORTE;2022-02-04;15302.39648438;13758.54589844;89.91110229
SE;SUDESTE;2022-02-04;204615.32812500;90197.75781250;44.08160019
S;SUL;2022-02-04;19657.33007813;6804.06591797;34.61339951
NE;NORDESTE;2022-02-05;51691.22656250;38030.89453125;73.57319641
N;NORTE;2022-02-05;15302.39648438;13824.29882813;90.34069824
SE;SUDESTE;2022-02-05;204615.32812500;91666.27343750;44.79930115
S;SUL;2022-02-05;19657.33007813;6847.54003906;34.83449936
NE;NORDESTE;2022-02-06;51691.22656250;38231.39453125;73.96109772
N;NORTE;2022-02-06;15302.39648438;13861.38085938;90.58309937
SE;SUDESTE;2022-02-06;204615.32812500;93206.32812500;45.55199814
S;SUL;2022-02-06;19657.33007813;6900.29589844;35.10290146
NE;NORDESTE;2022-02-07;51691.22656250;38340.46093750;74.17209625
N;NORTE;2022-02-07;15302.39648438;13879.22070313;90.69969940
SE;SUDESTE;2022-02-07;204615.32812500;94655.50000000;46.26020050
S;SUL;2022-02-07;19657.33007813;6884.70019531;35.02360153
NE;NORDESTE;2022-02-08;51691.22656250;38500.98828125;74.48259735
N;NORTE;2022-02-08;15302.39648438;13914.49609375;90.93019867
SE;SUDESTE;2022-02-08;204615.32812500;96382.78906250;47.10440063
S;SUL;2022-02-08;19657.33007813;6858.06103516;34.88809967
NE;NORDESTE;2022-02-09;51691.22656250;38565.28125000;74.60700226
N;NORTE;2022-02-09;15302.39648438;13951.50390625;91.17199707
SE;SUDESTE;2022-02-09;204615.32812500;98144.29687500;47.96530151
S;SUL;2022-02-09;19657.33007813;6821.10205078;34.70000076
NE;NORDESTE;2022-02-10;51691.22656250;38858.78906250;75.17479706
N;NORTE;2022-02-10;15302.39648438;14019.87109375;91.61879730
SE;SUDESTE;2022-02-10;204615.32812500;99874.28125000;48.81079865
S;SUL;2022-02-10;19657.33007813;6781.36181641;34.49789810
NE;NORDESTE;2022-02-11;51691.22656250;39121.37890625;75.68280029
N;NORTE;2022-02-11;15302.39648438;14094.36328125;92.10559845
SE;SUDESTE;2022-02-11;204615.32812500;101371.85156250;49.54259872
S;SUL;2022-02-11;19657.33007813;6724.38916016;34.20800018
NE;NORDESTE;2022-02-12;51691.22656250;39507.14843750;76.42910004
N;NORTE;2022-02-12;15302.39648438;14161.11816406;92.54180145
SE;SUDESTE;2022-02-12;204615.32812500;103017.72656250;50.34700012
S;SUL;2022-02-12;19657.33007813;6673.99023438;33.95169830
NE;NORDESTE;2022-02-13;51691.22656250;39835.85937500;77.06500244
N;NORTE;2022-02-13;15302.39648438;14286.46484375;93.36100006
SE;SUDESTE;2022-02-13;204615.32812500;104658.39062500;51.14889908
S;SUL;2022-02-13;19657.33007813;6656.73095703;33.86389923
NE;NORDESTE;2022-02-14;51691.22656250;40120.03906250;77.61479950
N;NORTE;2022-02-14;15302.39648438;14381.49023438;93.98190308
SE;SUDESTE;2022-02-14;204615.32812500;105973.30468750;51.79150009
S;SUL;2022-02-14;19657.33007813;6547.32421875;33.30730057
NE;NORDESTE;2022-02-15;51691.22656250;40371.32812500;78.10089874
N;NORTE;2022-02-15;15302.39648438;14468.71972656;94.55200195
SE;SUDESTE;2022-02-15;204615.32812500;107361.19531250;52.46979904
S;SUL;2022-02-15;19657.33007813;6423.14697266;32.67559814
NE;NORDESTE;2022-02-16;51691.22656250;40494.89062500;78.33999634
N;NORTE;2022-02-16;15302.39648438;14535.43164063;94.98789978
SE;SUDESTE;2022-02-16;204615.32812500;108374.75781250;52.96509933
S;SUL;2022-02-16;19657.33007813;6308.60693359;32.09289932
NE;NORDESTE;2022-02-17;51691.22656250;40693.32031250;78.72380066
N;NORTE;2022-02-17;15302.39648438;14560.53417969;95.15200043
SE;SUDESTE;2022-02-17;204615.32812500;109364.99218750;53.44910049
S;SUL;2022-02-17;19657.33007813;6210.24023438;31.59250069
NE;NORDESTE;2022-02-18;51691.22656250;40875.14062500;79.07559967
N;NORTE;2022-02-18;15302.39648438;14600.66796875;95.41429901
SE;SUDESTE;2022-02-18;204615.32812500;110610.83593750;54.05789948
S;SUL;2022-02-18;19657.33007813;6142.58886719;31.24830055
NE;NORDESTE;2022-02-19;51691.22656250;41111.31640625;79.53250122
N;NORTE;2022-02-19;15302.39648438;14674.00292969;95.89350128
SE;SUDESTE;2022-02-19;204615.32812500;111857.09375000;54.66699982
S;SUL;2022-02-19;19657.33007813;6134.67089844;31.20809937
NE;NORDESTE;2022-02-20;51691.22656250;41358.10937500;80.00990295
N;NORTE;2022-02-20;15302.39648438;14769.28808594;96.51619720
SE;SUDESTE;2022-02-20;204615.32812500;113081.59375000;55.26549911
S;SUL;2022-02-20;19657.33007813;6104.35791016;31.05389977
NE;NORDESTE;2022-02-21;51691.22656250;41636.98828125;80.54940033
N;NORTE;2022-02-21;15302.39648438;14851.64355469;97.05439758
SE;SUDESTE;2022-02-21;204615.32812500;113907.10937500;55.66889954
S;SUL;2022-02-21;19657.33007813;5990.05175781;30.47240067
NE;NORDESTE;2022-02-22;51691.22656250;41764.55859375;80.79620361
N;NORTE;2022-02-22;15302.39648438;14894.01074219;97.33119965
SE;SUDESTE;2022-02-22;204615.32812500;114865.49218750;56.13729858
S;SUL;2022-02-22;19657.33007813;5886.21386719;29.94409943
NE;NORDESTE;2022-02-23;51691.22656250;41878.71093750;81.01709747
N;NORTE;2022-02-23;15302.39648438;14915.93457031;97.47450256
SE;SUDESTE;2022-02-23;204615.32812500;115534.81250000;56.46440125
S;SUL;2022-02-23;19657.33007813;5772.16894531;29.36400032
NE;NORDESTE;2022-02-24;51691.22656250;41936.10937500;81.12809753
N;NORTE;2022-02-24;15302.39648438;14954.12890625;97.72409821
SE;SUDESTE;2022-02-24;204615.32812500;116274.42968750;56.82590103
S;SUL;2022-02-24;19657.33007813;5683.92382813;28.91500092
NE;NORDESTE;2022-02-25;51691.22656250;42013.99218750;81.27880096
N;NORTE;2022-02-25;15302.39648438;14985.25585938;97.92749786
SE;SUDESTE;2022-02-25;204615.32812500;117039.23437500;57.19960022
S;SUL;2022-02-25;19657.33007813;5594.05908203;28.45789909
NE;NORDESTE;2022-02-26;51691.22656250;42100.26953125;81.44570160
N;NORTE;2022-02-26;15302.39648438;14987.74804688;97.94380188
SE;SUDESTE;2022-02-26;204615.32812500;117757.91406250;57.55089951
S;SUL;2022-02-26;19657.33007813;5591.10595703;28.44289970
NE;NORDESTE;2022-02-27;51691.22656250;42207.48437500;81.65309906
N;NORTE;2022-02-27;15302.39648438;14994.03808594;97.98490143
SE;SUDESTE;2022-02-27;204615.32812500;118520.50000000;57.92359924
S;SUL;2022-02-27;19657.33007813;5592.36914063;28.44930077
NE;NORDESTE;2022-02-28;51691.22656250;42320.25390625;81.87129974
N;NORTE;2022-02-28;15302.39648438;14972.59179688;97.84480286
SE;SUDESTE;2022-02-28;204615.32812500;118892.42187500;58.10530090
S;SUL;2022-02-28;19657.33007813;5551.79687500;28.24290085
NE;NORDESTE;2022-03-01;51691.22656250;42388.92578125;82.00409698
N;NORTE;2022-03-01;15302.39648438;14948.74804688;97.68890381
SE;SUDESTE;2022-03-01;204615.32812500;119275.01562500;58.29230118
S;SUL;2022-03-01;19657.33007813;5536.66601563;28.16589928
NE;NORDESTE;2022-03-02;51691.22656250;42556.03125000;82.32740021
N;NORTE;2022-03-02;15302.39648438;14906.56738281;97.41329956
SE;SUDESTE;2022-03-02;204615.32812500;119546.50781250;58.42499924
S;SUL;2022-03-02;19657.33007813;5486.35888672;27.90999985
NE;NORDESTE;2022-03-03;51691.22656250;42665.43359375;82.53900146
N;NORTE;2022-03-03;15302.39648438;14870.13671875;97.17520142
SE;SUDESTE;2022-03-03;204615.32812500;119887.98437500;58.59189987
S;SUL;2022-03-03;19657.33007813;5433.31494141;27.64010048
NE;NORDESTE;2022-03-04;51691.22656250;42814.04687500;82.82649994
N;NORTE;2022-03-04;15302.39648438;14864.53320313;97.13860321
SE;SUDESTE;2022-03-04;204615.32812500;120335.96875000;58.81079865
S;SUL;2022-03-04;19657.33007813;5382.39404297;27.38109970
NE;NORDESTE;2022-03-05;51691.22656250;42980.81640625;83.14920044
N;NORTE;2022-03-05;15302.39648438;14895.99804688;97.34420013
SE;SUDESTE;2022-03-05;204615.32812500;120759.30468750;59.01770020
S;SUL;2022-03-05;19657.33007813;5404.02294922;27.49110031
NE;NORDESTE;2022-03-06;51691.22656250;43138.48437500;83.45420074
N;NORTE;2022-03-06;15302.39648438;14952.64062500;97.71440125
SE;SUDESTE;2022-03-06;204615.32812500;121304.03125000;59.28390121
S;SUL;2022-03-06;19657.33007813;5424.39208984;27.59480095
NE;NORDESTE;2022-03-07;51691.22656250;43287.66406250;83.74279785
N;NORTE;2022-03-07;15302.39648438;14977.10742188;97.87429810
SE;SUDESTE;2022-03-07;204615.32812500;121341.18750000;59.30210114
S;SUL;2022-03-07;19657.33007813;5386.90283203;27.40399933
NE;NORDESTE;2022-03-08;51691.22656250;43464.51953125;84.08489990
N;NORTE;2022-03-08;15302.39648438;15020.02636719;98.15470123
SE;SUDESTE;2022-03-08;204615.32812500;121447.96093750;59.35430145
S;SUL;2022-03-08;19657.33007813;5350.78222656;27.22030067
NE;NORDESTE;2022-03-09;51691.22656250;43636.12890625;84.41690063
N;NORTE;2022-03-09;15302.39648438;15064.42871094;98.44490051
SE;SUDESTE;2022-03-09;204615.32812500;121516.99218750;59.38800049
S;SUL;2022-03-09;19657.33007813;5336.11621094;27.14570045
NE;NORDESTE;2022-03-10;51691.22656250;43843.57812500;84.81819916
N;NORTE;2022-03-10;15302.39648438;15084.74218750;98.57759857
SE;SUDESTE;2022-03-10;204615.32812500;121652.51562500;59.45429993
S;SUL;2022-03-10;19657.33007813;5333.35595703;27.13159943
NE;NORDESTE;2022-03-11;51691.22656250;44064.28515625;85.24520111
N;NORTE;2022-03-11;15302.39648438;15081.13574219;98.55410004
SE;SUDESTE;2022-03-11;204615.32812500;121785.73437500;59.51940155
S;SUL;2022-03-11;19657.33007813;5382.28710938;27.38059998
NE;NORDESTE;2022-03-12;51691.22656250;44305.71093750;85.71219635
N;NORTE;2022-03-12;15302.39648438;15029.92871094;98.21939850
SE;SUDESTE;2022-03-12;204615.32812500;122357.64843750;59.79890060
S;SUL;2022-03-12;19657.33007813;5471.62500000;27.83499908
NE;NORDESTE;2022-03-13;51691.22656250;44582.02343750;86.24680328
N;NORTE;2022-03-13;15302.39648438;15029.30859375;98.21540070
SE;SUDESTE;2022-03-13;204615.32812500;122980.72656250;60.10340118
S;SUL;2022-03-13;19657.33007813;5567.01123047;28.32029915
NE;NORDESTE;2022-03-14;51691.22656250;44918.23828125;86.89720154
N;NORTE;2022-03-14;15302.39648438;15018.35742188;98.14379883
SE;SUDESTE;2022-03-14;204615.32812500;123402.60156250;60.30960083
S;SUL;2022-03-14;19657.33007813;5649.82519531;28.74160004
NE;NORDESTE;2022-03-15;51691.22656250;45209.30078125;87.46029663
N;NORTE;2022-03-15;15302.39648438;15040.28125000;98.28710175
SE;SUDESTE;2022-03-15;204615.32812500;124061.09375000;60.63140106
S;SUL;2022-03-15;19657.33007813;5749.21484375;29.24720001
NE;NORDESTE;2022-03-16;51691.22656250;45417.42968750;87.86289978
N;NORTE;2022-03-16;15302.39648438;15018.81445313;98.14679718
SE;SUDESTE;2022-03-16;204615.32812500;124729.51562500;60.95809937
S;SUL;2022-03-16;19657.33007813;5930.59277344;30.16990089
NE;NORDESTE;2022-03-17;51691.22656250;45691.57421875;88.39330292
N;NORTE;2022-03-17;15302.39648438;15042.07324219;98.29879761
SE;SUDESTE;2022-03-17;204615.32812500;125223.18750000;61.19929886
S;SUL;2022-03-17;19657.33007813;6107.45605469;31.06959915
NE;NORDESTE;2022-03-18;51691.22656250;45926.70703125;88.84819794
N;NORTE;2022-03-18;15302.39648438;15056.71875000;98.39450073
SE;SUDESTE;2022-03-18;204615.32812500;125580.17187500;61.37379837
S;SUL;2022-03-18;19657.33007813;6266.82617188;31.88039970
NE;NORDESTE;2022-03-19;51691.22656250;46147.20312500;89.27469635
N;NORTE;2022-03-19;15302.39648438;15031.53417969;98.22989655
SE;SUDESTE;2022-03-19;204615.32812500;126143.81250000;61.64920044
S;SUL;2022-03-19;19657.33007813;6489.10693359;33.01110077
NE;NORDESTE;2022-03-20;51691.22656250;46341.75781250;89.65110016
N;NORTE;2022-03-20;15302.39648438;15029.24609375;98.21499634
SE;SUDESTE;2022-03-20;204615.32812500;126889.73437500;62.01380157
S;SUL;2022-03-20;19657.33007813;6712.27197266;34.14640045
NE;NORDESTE;2022-03-21;51691.22656250;46587.62109375;90.12680054
N;NORTE;2022-03-21;15302.39648438;15010.53125000;98.09269714
SE;SUDESTE;2022-03-21;204615.32812500;127224.64843750;62.17750168
S;SUL;2022-03-21;19657.33007813;6898.42382813;35.09339905
NE;NORDESTE;2022-03-22;51691.22656250;46832.26953125;90.59999847
N;NORTE;2022-03-22;15302.39648438;15004.95800781;98.05629730
SE;SUDESTE;2022-03-22;204615.32812500;127515.51562500;62.31959915
S;SUL;2022-03-22;19657.33007813;7030.79296875;35.76679993
NE;NORDESTE;2022-03-23;51691.22656250;47134.42968750;91.18460083
N;NORTE;2022-03-23;15302.39648438;14996.69824219;98.00229645
SE;SUDESTE;2022-03-23;204615.32812500;127701.34375000;62.41040039
S;SUL;2022-03-23;19657.33007813;7162.80712891;36.43840027
NE;NORDESTE;2022-03-24;51691.22656250;47381.22656250;91.66200256
N;NORTE;2022-03-24;15302.39648438;14976.59277344;97.87090302
SE;SUDESTE;2022-03-24;204615.32812500;127889.87500000;62.50260162
S;SUL;2022-03-24;19657.33007813;7530.83007813;38.31050110
NE;NORDESTE;2022-03-25;51691.22656250;47711.71484375;92.30139923
N;NORTE;2022-03-25;15302.39648438;14962.02636719;97.77570343
SE;SUDESTE;2022-03-25;204615.32812500;128054.24218750;62.58290100
S;SUL;2022-03-25;19657.33007813;7990.64013672;40.64970016
NE;NORDESTE;2022-03-26;51691.22656250;48047.43359375;92.95079803
N;NORTE;2022-03-26;15302.39648438;14978.19824219;97.88140106
SE;SUDESTE;2022-03-26;204615.32812500;128473.53906250;62.78779984
S;SUL;2022-03-26;19657.33007813;8334.30566406;42.39799881
NE;NORDESTE;2022-03-27;51691.22656250;48433.86718750;93.69840240
N;NORTE;2022-03-27;15302.39648438;15010.77148438;98.09429932
SE;SUDESTE;2022-03-27;204615.32812500;128908.78906250;63.00059891
S;SUL;2022-03-27;19657.33007813;8589.43652344;43.69580078
NE;NORDESTE;2022-03-28;51691.22656250;48781.92187500;94.37180328
N;NORTE;2022-03-28;15302.39648438;15042.50390625;98.30159760
SE;SUDESTE;2022-03-28;204615.32812500;129215.61718750;63.15050125
S;SUL;2022-03-28;19657.33007813;8731.15917969;44.41680145
NE;NORDESTE;2022-03-29;51691.22656250;49033.87500000;94.85919952
N;NORTE;2022-03-29;15302.39648438;15082.24414063;98.56130219
SE;SUDESTE;2022-03-29;204615.32812500;129486.76562500;63.28300095
S;SUL;2022-03-29;19657.33007813;8813.45312500;44.83549881
NE;NORDESTE;2022-03-30;51691.22656250;49277.50390625;95.33049774
N;NORTE;2022-03-30;15302.39648438;15089.69921875;98.61000061
SE;SUDESTE;2022-03-30;204615.32812500;129796.94531250;63.43460083
S;SUL;2022-03-30;19657.33007813;8885.55078125;45.20220184
NE;NORDESTE;2022-03-31;51691.22656250;49438.33984375;95.64160156
N;NORTE;2022-03-31;15302.39648438;15107.20898438;98.72450256
SE;SUDESTE;2022-03-31;204615.32812500;130131.37500000;63.59809875
S;SUL;2022-03-31;19657.33007813;8946.65234375;45.51309967
NE;NORDESTE;2022-04-01;51691.22656250;49508.00000000;95.77639771
N;NORTE;2022-04-01;15302.39648438;15105.63183594;98.71420288
SE;SUDESTE;2022-04-01;204615.32812500;130425.29687500;63.74169922
S;SUL;2022-04-01;19657.33007813;8984.62109375;45.70619965
NE;NORDESTE;2022-04-02;51691.22656250;49661.87890625;96.07409668
N;NORTE;2022-04-02;15302.39648438;15111.49609375;98.75250244
SE;SUDESTE;2022-04-02;204615.32812500;130942.81250000;63.99459839
S;SUL;2022-04-02;19657.33007813;9059.25488281;46.08589935
NE;NORDESTE;2022-04-03;51691.22656250;49715.67968750;96.17819977
N;NORTE;2022-04-03;15302.39648438;15109.88183594;98.74189758
SE;SUDESTE;2022-04-03;204615.32812500;131524.06250000;64.27870178
S;SUL;2022-04-03;19657.33007813;9142.88476563;46.51129913
NE;NORDESTE;2022-04-04;51691.22656250;49848.33593750;96.43479919
N;NORTE;2022-04-04;15302.39648438;15086.33007813;98.58799744
SE;SUDESTE;2022-04-04;204615.32812500;131759.90625000;64.39399719
S;SUL;2022-04-04;19657.33007813;9255.93652344;47.08639908
NE;NORDESTE;2022-04-05;51691.22656250;49963.50781250;96.65760040
N;NORTE;2022-04-05;15302.39648438;15054.34179688;98.37899780
SE;SUDESTE;2022-04-05;204615.32812500;132027.78125000;64.52490234
S;SUL;2022-04-05;19657.33007813;9386.67285156;47.75149918
NE;NORDESTE;2022-04-06;51691.22656250;50070.89453125;96.86540222
N;NORTE;2022-04-06;15302.39648438;15027.88476563;98.20610046
SE;SUDESTE;2022-04-06;204615.32812500;132298.64062500;64.65720367
S;SUL;2022-04-06;19657.33007813;9492.83593750;48.29159927
NE;NORDESTE;2022-04-07;51691.22656250;50121.39453125;96.96309662
N;NORTE;2022-04-07;15302.39648438;15031.61914063;98.23049927
SE;SUDESTE;2022-04-07;204615.32812500;132495.34375000;64.75340271
S;SUL;2022-04-07;19657.33007813;9574.37890625;48.70640182
NE;NORDESTE;2022-04-08;51691.22656250;50156.41015625;97.03079987
N;NORTE;2022-04-08;15302.39648438;15050.95605469;98.35690308
SE;SUDESTE;2022-04-08;204615.32812500;132679.92187500;64.84359741
S;SUL;2022-04-08;19657.33007813;9687.80468750;49.28340149
NE;NORDESTE;2022-04-09;51691.22656250;50194.71875000;97.10489655
N;NORTE;2022-04-09;15302.39648438;15067.80273438;98.46700287
SE;SUDESTE;2022-04-09;204615.32812500;133036.32812500;65.01779938
S;SUL;2022-04-09;19657.33007813;9908.81835938;50.40779877
NE;NORDESTE;2022-04-10;51691.22656250;50184.48437500;97.08509827
N;NORTE;2022-04-10;15302.39648438;15046.43359375;98.32730103
SE;SUDESTE;2022-04-10;204615.32812500;133348.39062500;65.17030334
S;SUL;2022-04-10;19657.33007813;10158.05175781;51.67559814
NE;NORDESTE;2022-04-11;51691.22656250;50105.60546875;96.93250275
N;NORTE;2022-04-11;15302.39648438;15020.22167969;98.15599823
SE;SUDESTE;2022-04-11;204615.32812500;133488.75000000;65.23889923
S;SUL;2022-04-11;19657.33007813;10280.90820313;52.30059814
NE;NORDESTE;2022-04-12;51691.22656250;50043.91015625;96.81320190
N;NORTE;2022-04-12;15302.39648438;15060.40722656;98.41860199
SE;SUDESTE;2022-04-12;204615.32812500;133643.37500000;65.31439972
S;SUL;2022-04-12;19657.33007813;10443.90332031;53.12979889
NE;NORDESTE;2022-04-13;51691.22656250;49956.84375000;96.64469910
N;NORTE;2022-04-13;15302.39648438;15114.04394531;98.76909637
SE;SUDESTE;2022-04-13;204615.32812500;133901.25000000;65.44049835
S;SUL;2022-04-13;19657.33007813;10547.32812500;53.65599823
NE;NORDESTE;2022-04-14;51691.22656250;49893.92578125;96.52300262
N;NORTE;2022-04-14;15302.39648438;15131.28125000;98.88179779
SE;SUDESTE;2022-04-14;204615.32812500;134161.59375000;65.56770325
S;SUL;2022-04-14;19657.33007813;10658.33105469;54.22060013
NE;NORDESTE;2022-04-15;51691.22656250;49884.23046875;96.50430298
N;NORTE;2022-04-15;15302.39648438;15148.83203125;98.99649811
SE;SUDESTE;2022-04-15;204615.32812500;134590.26562500;65.77719879
S;SUL;2022-04-15;19657.33007813;10868.53906250;55.29000092
NE;NORDESTE;2022-04-16;51691.22656250;49876.90234375;96.49009705
N;NORTE;2022-04-16;15302.39648438;15140.38281250;98.94129944
SE;SUDESTE;2022-04-16;204615.32812500;134903.17187500;65.93009949
S;SUL;2022-04-16;19657.33007813;11060.87402344;56.26839828
NE;NORDESTE;2022-04-17;51691.22656250;49870.55078125;96.47779846
N;NORTE;2022-04-17;15302.39648438;15153.91113281;99.02970123
SE;SUDESTE;2022-04-17;204615.32812500;135181.26562500;66.06610107
S;SUL;2022-04-17;19657.33007813;11242.50292969;57.19240189
NE;NORDESTE;2022-04-18;51691.22656250;49907.45703125;96.54920197
N;NORTE;2022-04-18;15302.39648438;15156.88281250;99.04910278
SE;SUDESTE;2022-04-18;204615.32812500;135344.03125000;66.14559937
S;SUL;2022-04-18;19657.33007813;11351.55859375;57.74720001
NE;NORDESTE;2022-04-19;51691.22656250;49968.99609375;96.66819763
N;NORTE;2022-04-19;15302.39648438;15188.59765625;99.25630188
SE;SUDESTE;2022-04-19;204615.32812500;135466.14062500;66.20529938
S;SUL;2022-04-19;19657.33007813;11432.39355469;58.15840149
NE;NORDESTE;2022-04-20;51691.22656250;50063.28515625;96.85060120
N;NORTE;2022-04-20;15302.39648438;15182.29003906;99.21510315
SE;SUDESTE;2022-04-20;204615.32812500;135561.71875000;66.25199890
S;SUL;2022-04-20;19657.33007813;11490.74121094;58.45520020
NE;NORDESTE;2022-04-21;51691.22656250;50156.98437500;97.03189850
N;NORTE;2022-04-21;15302.39648438;15154.37207031;99.03269958
SE;SUDESTE;2022-04-21;204615.32812500;135701.37500000;66.32019806
S;SUL;2022-04-21;19657.33007813;11557.11230469;58.79290009
NE;NORDESTE;2022-04-22;51691.22656250;50189.55078125;97.09490204
N;NORTE;2022-04-22;15302.39648438;15122.44238281;98.82399750
SE;SUDESTE;2022-04-22;204615.32812500;135856.57812500;66.39610291
S;SUL;2022-04-22;19657.33007813;11649.42382813;59.26250076
NE;NORDESTE;2022-04-23;51691.22656250;50119.57812500;96.95950317
N;NORTE;2022-04-23;15302.39648438;15110.23925781;98.74430084
SE;SUDESTE;2022-04-23;204615.32812500;136028.35937500;66.48000336
S;SUL;2022-04-23;19657.33007813;11997.57714844;61.03359985
NE;NORDESTE;2022-04-24;51691.22656250;50055.55859375;96.83570099
N;NORTE;2022-04-24;15302.39648438;15148.77734375;98.99610138
SE;SUDESTE;2022-04-24;204615.32812500;136212.15625000;66.56990051
S;SUL;2022-04-24;19657.33007813;12283.94335938;62.49039841
NE;NORDESTE;2022-04-25;51691.22656250;49993.03125000;96.71469879
N;NORTE;2022-04-25;15302.39648438;15174.46093750;99.16400146
SE;SUDESTE;2022-04-25;204615.32812500;136240.15625000;66.58360291
S;SUL;2022-04-25;19657.33007813;12463.46386719;63.40359879
NE;NORDESTE;2022-04-26;51691.22656250;49957.15234375;96.64530182
N;NORTE;2022-04-26;15302.39648438;15194.27929688;99.29350281
SE;SUDESTE;2022-04-26;204615.32812500;136181.89062500;66.55509949
S;SUL;2022-04-26;19657.33007813;12644.28906250;64.32350159
NE;NORDESTE;2022-04-27;51691.22656250;49926.26171875;96.58560181
N;NORTE;2022-04-27;15302.39648438;15185.60156250;99.23680115
SE;SUDESTE;2022-04-27;204615.32812500;136131.07812500;66.53019714
S;SUL;2022-04-27;19657.33007813;12801.62011719;65.12390137
NE;NORDESTE;2022-04-28;51691.22656250;49859.58984375;96.45659637
N;NORTE;2022-04-28;15302.39648438;15179.98437500;99.19999695
SE;SUDESTE;2022-04-28;204615.32812500;136006.82812500;66.46949768
S;SUL;2022-04-28;19657.33007813;12924.79687500;65.75050354
NE;NORDESTE;2022-04-29;51691.22656250;49771.95703125;96.28710175
N;NORTE;2022-04-29;15302.39648438;15163.28515625;99.09089661
SE;SUDESTE;2022-04-29;204615.32812500;135978.12500000;66.45549774
S;SUL;2022-04-29;19657.33007813;13029.25390625;66.28189850
NE;NORDESTE;2022-04-30;51691.22656250;49683.40234375;96.11569977
N;NORTE;2022-04-30;15302.39648438;15160.00683594;99.06950378
SE;SUDESTE;2022-04-30;204615.32812500;136167.09375000;66.54779816
S;SUL;2022-04-30;19657.33007813;13182.06347656;67.05930328
NE;NORDESTE;2022-05-01;51691.22656250;49554.38671875;95.86609650
N;NORTE;2022-05-01;15302.39648438;15170.58300781;99.13860321
SE;SUDESTE;2022-05-01;204615.32812500;136254.98437500;66.59079742
S;SUL;2022-05-01;19657.33007813;13427.31054688;68.30690002
NE;NORDESTE;2022-05-02;51691.22656250;49522.81250000;95.80509949
N;NORTE;2022-05-02;15302.39648438;15153.31933594;99.02580261
SE;SUDESTE;2022-05-02;204615.32812500;136232.84375000;66.58000183
S;SUL;2022-05-02;19657.33007813;13845.32324219;70.43340302
NE;NORDESTE;2022-05-03;51691.22656250;49448.17968750;95.66069794
N;NORTE;2022-05-03;15302.39648438;15178.24511719;99.18869781
SE;SUDESTE;2022-05-03;204615.32812500;136257.00000000;66.59179688
S;SUL;2022-05-03;19657.33007813;14878.06835938;75.68710327
NE;NORDESTE;2022-05-04;51691.22656250;49400.56640625;95.56860352
N;NORTE;2022-05-04;15302.39648438;15227.84765625;99.51280212
SE;SUDESTE;2022-05-04;204615.32812500;136231.28125000;66.57920074
S;SUL;2022-05-04;19657.33007813;15726.95996094;80.00559998
NE;NORDESTE;2022-05-05;51691.22656250;49395.68750000;95.55909729
N;NORTE;2022-05-05;15302.39648438;15244.33886719;99.62059784
SE;SUDESTE;2022-05-05;204615.32812500;136300.04687500;66.61280060
S;SUL;2022-05-05;19657.33007813;16108.85742188;81.94830322
NE;NORDESTE;2022-05-06;51691.22656250;49399.23828125;95.56600189
N;NORTE;2022-05-06;15302.39648438;15264.53515625;99.75260162
SE;SUDESTE;2022-05-06;204615.32812500;136359.51562500;66.64189911
S;SUL;2022-05-06;19657.33007813;16414.17578125;83.50150299
NE;NORDESTE;2022-05-07;51691.22656250;49413.75781250;95.59410095
N;NORTE;2022-05-07;15302.39648438;15252.92480469;99.67669678
SE;SUDESTE;2022-05-07;204615.32812500;136469.15625000;66.69550323
S;SUL;2022-05-07;19657.33007813;16724.07812500;85.07810211
NE;NORDESTE;2022-05-08;51691.22656250;49390.85937500;95.54979706
N;NORTE;2022-05-08;15302.39648438;15232.89257813;99.54579926
SE;SUDESTE;2022-05-08;204615.32812500;136664.59375000;66.79100037
S;SUL;2022-05-08;19657.33007813;17024.56054688;86.60669708
NE;NORDESTE;2022-05-09;51691.22656250;49354.43750000;95.47930145
N;NORTE;2022-05-09;15302.39648438;15188.46582031;99.25550079
SE;SUDESTE;2022-05-09;204615.32812500;136697.15625000;66.80690002
S;SUL;2022-05-09;19657.33007813;17182.22265625;87.40869904
NE;NORDESTE;2022-05-10;51691.22656250;49341.93750000;95.45510101
N;NORTE;2022-05-10;15302.39648438;15179.89257813;99.19950104
SE;SUDESTE;2022-05-10;204615.32812500;136619.78125000;66.76909637
S;SUL;2022-05-10;19657.33007813;17316.49804688;88.09179688
NE;NORDESTE;2022-05-11;51691.22656250;49331.84765625;95.43560028
N;NORTE;2022-05-11;15302.39648438;15183.52734375;99.22319794
SE;SUDESTE;2022-05-11;204615.32812500;136549.01562500;66.73449707
S;SUL;2022-05-11;19657.33007813;17430.25781250;88.67050171
NE;NORDESTE;2022-05-12;51691.22656250;49309.73437500;95.39289856
N;NORTE;2022-05-12;15302.39648438;15225.78125000;99.49929810
SE;SUDESTE;2022-05-12;204615.32812500;136474.60937500;66.69809723
S;SUL;2022-05-12;19657.33007813;17474.08789063;88.89350128
NE;NORDESTE;2022-05-13;51691.22656250;49319.73437500;95.41220093
N;NORTE;2022-05-13;15302.39648438;15241.16601563;99.59989929
SE;SUDESTE;2022-05-13;204615.32812500;136469.70312500;66.69570160
S;SUL;2022-05-13;19657.33007813;17454.46875000;88.79370117
NE;NORDESTE;2022-05-14;51691.22656250;49326.51171875;95.42530060
N;NORTE;2022-05-14;15302.39648438;15236.89648438;99.57199860
SE;SUDESTE;2022-05-14;204615.32812500;136538.85937500;66.72949982
S;SUL;2022-05-14;19657.33007813;17518.15820313;89.11769867
NE;NORDESTE;2022-05-15;51691.22656250;49324.98437500;95.42240143
N;NORTE;2022-05-15;15302.39648438;15237.96289063;99.57890320
SE;SUDESTE;2022-05-15;204615.32812500;136748.50000000;66.83200073
S;SUL;2022-05-15;19657.33007813;17546.54687500;89.26210022
NE;NORDESTE;2022-05-16;51691.22656250;49315.45312500;95.40390015
N;NORTE;2022-05-16;15302.39648438;15204.72167969;99.36170197
SE;SUDESTE;2022-05-16;204615.32812500;136712.42187500;66.81439972
S;SUL;2022-05-16;19657.33007813;17533.47265625;89.19560242
NE;NORDESTE;2022-05-17;51691.22656250;49311.69531250;95.39659882
N;NORTE;2022-05-17;15302.39648438;15201.92382813;99.34339905
SE;SUDESTE;2022-05-17;204615.32812500;136639.87500000;66.77890015
S;SUL;2022-05-17;19657.33007813;17528.40429688;89.16979980
NE;NORDESTE;2022-05-18;51691.22656250;49268.83203125;95.31369781
N;NORTE;2022-05-18;15302.39648438;15220.72851563;99.46630096
SE;SUDESTE;2022-05-18;204615.32812500;136566.04687500;66.74279785
S;SUL;2022-05-18;19657.33007813;17517.30078125;89.11329651
NE;NORDESTE;2022-05-19;51691.22656250;49220.51562500;95.22029877
N;NORTE;2022-05-19;15302.39648438;15242.07226563;99.60579681
SE;SUDESTE;2022-05-19;204615.32812500;136554.04687500;66.73699951
S;SUL;2022-05-19;19657.33007813;17500.02929688;89.02549744
NE;NORDESTE;2022-05-20;51691.22656250;49195.35546875;95.17160034
N;NORTE;2022-05-20;15302.39648438;15221.17871094;99.46929932
SE;SUDESTE;2022-05-20;204615.32812500;136474.71875000;66.69819641
S;SUL;2022-05-20;19657.33007813;17475.39648438;88.90019989
NE;NORDESTE;2022-05-21;51691.22656250;49169.13281250;95.12079620
N;NORTE;2022-05-21;15302.39648438;15210.27148438;99.39800262
SE;SUDESTE;2022-05-21;204615.32812500;136521.15625000;66.72090149
S;SUL;2022-05-21;19657.33007813;17484.95507813;88.94879913
NE;NORDESTE;2022-05-22;51691.22656250;49144.58593750;95.07340240
N;NORTE;2022-05-22;15302.39648438;15252.49707031;99.67389679
SE;SUDESTE;2022-05-22;204615.32812500;136585.62500000;66.75240326
S;SUL;2022-05-22;19657.33007813;17514.98437500;89.10150146
NE;NORDESTE;2022-05-23;51691.22656250;49127.24218750;95.03980255
N;NORTE;2022-05-23;15302.39648438;15243.87695313;99.61759949
SE;SUDESTE;2022-05-23;204615.32812500;136492.87500000;66.70709991
S;SUL;2022-05-23;19657.33007813;17480.76562500;88.92749786
NE;NORDESTE;2022-05-24;51691.22656250;49068.10156250;94.92539978
N;NORTE;2022-05-24;15302.39648438;15238.87792969;99.58489990
SE;SUDESTE;2022-05-24;204615.32812500;136392.00000000;66.65779877
S;SUL;2022-05-24;19657.33007813;17421.94140625;88.62819672
NE;NORDESTE;2022-05-25;51691.22656250;49022.98046875;94.83809662
N;NORTE;2022-05-25;15302.39648438;15237.04394531;99.57289886
SE;SUDESTE;2022-05-25;204615.32812500;136290.03125000;66.60790253
S;SUL;2022-05-25;19657.33007813;17336.98828125;88.19609833
NE;NORDESTE;2022-05-26;51691.22656250;49037.83203125;94.86679840
N;NORTE;2022-05-26;15302.39648438;15238.66210938;99.58350372
SE;SUDESTE;2022-05-26;204615.32812500;136221.68750000;66.57450104
S;SUL;2022-05-26;19657.33007813;17306.97656250;88.04340363
NE;NORDESTE;2022-05-27;51691.22656250;49061.02734375;94.91169739
N;NORTE;2022-05-27;15302.39648438;15232.50488281;99.54329681
SE;SUDESTE;2022-05-27;204615.32812500;136122.59375000;66.52610016
S;SUL;2022-05-27;19657.33007813;17232.40234375;87.66400146
NE;NORDESTE;2022-05-28;51691.22656250;48974.37109375;94.74410248
N;NORTE;2022-05-28;15302.39648438;15183.74023438;99.22460175
SE;SUDESTE;2022-05-28;204615.32812500;136162.50000000;66.54560089
S;SUL;2022-05-28;19657.33007813;17195.47070313;87.47609711
NE;NORDESTE;2022-05-29;51691.22656250;48865.33593750;94.53309631
N;NORTE;2022-05-29;15302.39648438;15173.26660156;99.15619659
SE;SUDESTE;2022-05-29;204615.32812500;136267.14062500;66.59670258
S;SUL;2022-05-29;19657.33007813;17528.25585938;89.16909790
NE;NORDESTE;2022-05-30;51691.22656250;48780.03125000;94.36810303
N;NORTE;2022-05-30;15302.39648438;15153.10742188;99.02439880
SE;SUDESTE;2022-05-30;204615.32812500;136023.01562500;66.47740173
S;SUL;2022-05-30;19657.33007813;17716.02343750;90.12429810
NE;NORDESTE;2022-05-31;51691.22656250;48732.01562500;94.27519989
N;NORTE;2022-05-31;15302.39648438;15128.31738281;98.86239624
SE;SUDESTE;2022-05-31;204615.32812500;135898.03125000;66.41629791
S;SUL;2022-05-31;19657.33007813;17743.80078125;90.26560211
NE;NORDESTE;2022-06-01;51691.22656250;48681.96093750;94.17839813
N;NORTE;2022-06-01;15302.39648438;15144.68066406;98.96929932
SE;SUDESTE;2022-06-01;204615.32812500;135910.21875000;66.42230225
S;SUL;2022-06-01;19657.33007813;17759.55664063;90.34570313
NE;NORDESTE;2022-06-02;51691.22656250;48623.69140625;94.06569672
N;NORTE;2022-06-02;15302.39648438;15144.54980469;98.96849823
SE;SUDESTE;2022-06-02;204615.32812500;135877.87500000;66.40650177
S;SUL;2022-06-02;19657.33007813;17775.92773438;90.42900085
NE;NORDESTE;2022-06-03;51691.22656250;48569.97656250;93.96170044
N;NORTE;2022-06-03;15302.39648438;15131.04296875;98.88020325
SE;SUDESTE;2022-06-03;204615.32812500;135731.29687500;66.33489990
S;SUL;2022-06-03;19657.33007813;17791.07421875;90.50610352
NE;NORDESTE;2022-06-04;51691.22656250;48533.33984375;93.89089966
N;NORTE;2022-06-04;15302.39648438;15169.20019531;99.12960052
SE;SUDESTE;2022-06-04;204615.32812500;135905.35937500;66.41989899
S;SUL;2022-06-04;19657.33007813;17916.42382813;91.14369965
NE;NORDESTE;2022-06-05;51691.22656250;48467.41406250;93.76329803
N;NORTE;2022-06-05;15302.39648438;15222.17089844;99.47570038
SE;SUDESTE;2022-06-05;204615.32812500;136020.76562500;66.47630310
S;SUL;2022-06-05;19657.33007813;18017.81054688;91.65950012
NE;NORDESTE;2022-06-06;51691.22656250;48450.00781250;93.72969818
N;NORTE;2022-06-06;15302.39648438;15225.24804688;99.49579620
SE;SUDESTE;2022-06-06;204615.32812500;135945.43750000;66.43949890
S;SUL;2022-06-06;19657.33007813;18130.93945313;92.23500061
NE;NORDESTE;2022-06-07;51691.22656250;48376.43359375;93.58730316
N;NORTE;2022-06-07;15302.39648438;15187.14062500;99.24680328
SE;SUDESTE;2022-06-07;204615.32812500;135871.79687500;66.40350342
S;SUL;2022-06-07;19657.33007813;18167.49609375;92.42099762
NE;NORDESTE;2022-06-08;51691.22656250;48361.62109375;93.55870056
N;NORTE;2022-06-08;15302.39648438;15124.93359375;98.84030151
SE;SUDESTE;2022-06-08;204615.32812500;135690.73437500;66.31500244
S;SUL;2022-06-08;19657.33007813;18239.67187500;92.78810120
NE;NORDESTE;2022-06-09;51691.22656250;48347.26562500;93.53089905
N;NORTE;2022-06-09;15302.39648438;15107.11132813;98.72380066
SE;SUDESTE;2022-06-09;204615.32812500;135530.73437500;66.23680115
S;SUL;2022-06-09;19657.33007813;18294.82812500;93.06870270
NE;NORDESTE;2022-06-10;51691.22656250;48325.49609375;93.48880005
N;NORTE;2022-06-10;15302.39648438;15111.28125000;98.75109863
SE;SUDESTE;2022-06-10;204615.32812500;135441.50000000;66.19319916
S;SUL;2022-06-10;19657.33007813;18357.81250000;93.38909912
NE;NORDESTE;2022-06-11;51691.22656250;48299.97656250;93.43939972
N;NORTE;2022-06-11;15302.39648438;15092.97558594;98.63150024
SE;SUDESTE;2022-06-11;204615.32812500;135581.98437500;66.26190186
S;SUL;2022-06-11;19657.33007813;18405.76562500;93.63310242
NE;NORDESTE;2022-06-12;51691.22656250;48242.34765625;93.32790375
N;NORTE;2022-06-12;15302.39648438;15116.56640625;98.78559875
SE;SUDESTE;2022-06-12;204615.32812500;135654.23437500;66.29720306
S;SUL;2022-06-12;19657.33007813;18423.14453125;93.72149658
NE;NORDESTE;2022-06-13;51691.22656250;48206.93359375;93.25939941
N;NORTE;2022-06-13;15302.39648438;15137.22753906;98.92060089
SE;SUDESTE;2022-06-13;204615.32812500;135658.93750000;66.29949951
S;SUL;2022-06-13;19657.33007813;18442.84179688;93.82170105
NE;NORDESTE;2022-06-14;51691.22656250;48148.86718750;93.14710236
N;NORTE;2022-06-14;15302.39648438;15155.30468750;99.03880310
SE;SUDESTE;2022-06-14;204615.32812500;135634.68750000;66.28759766
S;SUL;2022-06-14;19657.33007813;18477.68359375;93.99890137
NE;NORDESTE;2022-06-15;51691.22656250;48082.26562500;93.01820374
N;NORTE;2022-06-15;15302.39648438;15161.75000000;99.08090210
SE;SUDESTE;2022-06-15;204615.32812500;135559.96875000;66.25109863
S;SUL;2022-06-15;19657.33007813;18469.70703125;93.95839691
NE;NORDESTE;2022-06-16;51691.22656250;48008.59375000;92.87570190
N;NORTE;2022-06-16;15302.39648438;15142.34570313;98.95410156
SE;SUDESTE;2022-06-16;204615.32812500;135598.84375000;66.27010345
S;SUL;2022-06-16;19657.33007813;18496.00195313;94.09210205
NE;NORDESTE;2022-06-17;51691.22656250;47925.95312500;92.71579742
N;NORTE;2022-06-17;15302.39648438;15106.82128906;98.72190094
SE;SUDESTE;2022-06-17;204615.32812500;135551.46875000;66.24700165
S;SUL;2022-06-17;19657.33007813;18586.06445313;94.55030060
NE;NORDESTE;2022-06-18;51691.22656250;47857.77343750;92.58390045
N;NORTE;2022-06-18;15302.39648438;15085.41503906;98.58200073
SE;SUDESTE;2022-06-18;204615.32812500;135520.56250000;66.23190308
S;SUL;2022-06-18;19657.33007813;18545.77343750;94.34529877
NE;NORDESTE;2022-06-19;51691.22656250;47782.78125000;92.43890381
N;NORTE;2022-06-19;15302.39648438;15095.78125000;98.64980316
SE;SUDESTE;2022-06-19;204615.32812500;135587.96875000;66.26480103
S;SUL;2022-06-19;19657.33007813;18567.84375000;94.45760345
NE;NORDESTE;2022-06-20;51691.22656250;47723.28906250;92.32379913
N;NORTE;2022-06-20;15302.39648438;15101.80664063;98.68920135
SE;SUDESTE;2022-06-20;204615.32812500;135322.28125000;66.13500214
S;SUL;2022-06-20;19657.33007813;18613.98242188;94.69229889
NE;NORDESTE;2022-06-21;51691.22656250;47703.42968750;92.28540039
N;NORTE;2022-06-21;15302.39648438;15104.18554688;98.70469666
SE;SUDESTE;2022-06-21;204615.32812500;135275.07812500;66.11190033
S;SUL;2022-06-21;19657.33007813;18652.50000000;94.88829803
NE;NORDESTE;2022-06-22;51691.22656250;47673.46875000;92.22740173
N;NORTE;2022-06-22;15302.39648438;15082.83789063;98.56520081
SE;SUDESTE;2022-06-22;204615.32812500;135127.96875000;66.04000092
S;SUL;2022-06-22;19657.33007813;18761.01171875;95.44029999
NE;NORDESTE;2022-06-23;51691.22656250;47645.31640625;92.17289734
N;NORTE;2022-06-23;15302.39648438;15037.05859375;98.26599884
SE;SUDESTE;2022-06-23;204615.32812500;134945.67187500;65.95089722
S;SUL;2022-06-23;19657.33007813;18848.08593750;95.88320160
NE;NORDESTE;2022-06-24;51691.22656250;47579.83203125;92.04620361
N;NORTE;2022-06-24;15302.39648438;15022.75878906;98.17259979
SE;SUDESTE;2022-06-24;204615.32812500;134760.18750000;65.86029816
S;SUL;2022-06-24;19657.33007813;18878.22851563;96.03659821
NE;NORDESTE;2022-06-25;51691.22656250;47531.38281250;91.95249939
N;NORTE;2022-06-25;15302.39648438;15001.13574219;98.03130341
SE;SUDESTE;2022-06-25;204615.32812500;134787.85937500;65.87380219
S;SUL;2022-06-25;19657.33007813;18796.72265625;95.62190247
NE;NORDESTE;2022-06-26;51691.22656250;47476.37890625;91.84609985
N;NORTE;2022-06-26;15302.39648438;14990.53222656;97.96199799
SE;SUDESTE;2022-06-26;204615.32812500;134844.59375000;65.90149689
S;SUL;2022-06-26;19657.33007813;18858.20117188;95.93470001
NE;NORDESTE;2022-06-27;51691.22656250;47417.76953125;91.73269653
N;NORTE;2022-06-27;15302.39648438;14975.72265625;97.86519623
SE;SUDESTE;2022-06-27;204615.32812500;134608.29687500;65.78600311
S;SUL;2022-06-27;19657.33007813;18831.36914063;95.79820251
NE;NORDESTE;2022-06-28;51691.22656250;47362.32031250;91.62550354
N;NORTE;2022-06-28;15302.39648438;14925.73828125;97.53859711
SE;SUDESTE;2022-06-28;204615.32812500;134416.65625000;65.69239807
S;SUL;2022-06-28;19657.33007813;18782.93164063;95.55180359
NE;NORDESTE;2022-06-29;51691.22656250;47275.43359375;91.45739746
N;NORTE;2022-06-29;15302.39648438;14826.82128906;96.89219666
SE;SUDESTE;2022-06-29;204615.32812500;134222.95312500;65.59770203
S;SUL;2022-06-29;19657.33007813;18731.53710938;95.29029846
NE;NORDESTE;2022-06-30;51691.22656250;47192.37890625;91.29669952
N;NORTE;2022-06-30;15302.39648438;14748.62207031;96.38110352
SE;SUDESTE;2022-06-30;204615.32812500;134060.26562500;65.51820374
S;SUL;2022-06-30;19657.33007813;18650.71093750;94.87920380
NE;NORDESTE;2022-07-01;51691.22656250;47111.59765625;91.14040375
N;NORTE;2022-07-01;15302.39648438;14721.43261719;96.20349884
SE;SUDESTE;2022-07-01;204615.32812500;133840.35937500;65.41069794
S;SUL;2022-07-01;19657.33007813;18577.11523438;94.50479889
NE;NORDESTE;2022-07-02;51691.22656250;47037.37109375;90.99680328
N;NORTE;2022-07-02;15302.39648438;14719.47460938;96.19069672
SE;SUDESTE;2022-07-02;204615.32812500;133837.93750000;65.40950012
S;SUL;2022-07-02;19657.33007813;18511.35937500;94.17030334
NE;NORDESTE;2022-07-03;51691.22656250;46977.98046875;90.88189697
N;NORTE;2022-07-03;15302.39648438;14725.53320313;96.23020172
SE;SUDESTE;2022-07-03;204615.32812500;133807.37500000;65.39459991
S;SUL;2022-07-03;19657.33007813;18518.46093750;94.20639801
NE;NORDESTE;2022-07-04;51691.22656250;46902.17187500;90.73529816
N;NORTE;2022-07-04;15302.39648438;14691.99511719;96.01110077
SE;SUDESTE;2022-07-04;204615.32812500;133521.92187500;65.25509644
S;SUL;2022-07-04;19657.33007813;18430.37500000;93.75830078
NE;NORDESTE;2022-07-05;51691.22656250;46845.48437500;90.62560272
N;NORTE;2022-07-05;15302.39648438;14656.41503906;95.77860260
SE;SUDESTE;2022-07-05;204615.32812500;133311.76562500;65.15239716
S;SUL;2022-07-05;19657.33007813;18318.98632813;93.19159698
NE;NORDESTE;2022-07-06;51691.22656250;46750.66796875;90.44219971
N;NORTE;2022-07-06;15302.39648438;14610.73632813;95.48010254
SE;SUDESTE;2022-07-06;204615.32812500;133108.23437500;65.05290222
S;SUL;2022-07-06;19657.33007813;18191.28906250;92.54199982
NE;NORDESTE;2022-07-07;51691.22656250;46629.80468750;90.20839691
N;NORTE;2022-07-07;15302.39648438;14550.72167969;95.08789825
SE;SUDESTE;2022-07-07;204615.32812500;132838.43750000;64.92109680
S;SUL;2022-07-07;19657.33007813;18055.74414063;91.85250092
NE;NORDESTE;2022-07-08;51691.22656250;46526.07421875;90.00769806
N;NORTE;2022-07-08;15302.39648438;14510.31542969;94.82379913
SE;SUDESTE;2022-07-08;204615.32812500;132568.43750000;64.78910065
S;SUL;2022-07-08;19657.33007813;17906.68164063;91.09420013
NE;NORDESTE;2022-07-09;51691.22656250;46452.95312500;89.86620331
N;NORTE;2022-07-09;15302.39648438;14478.42871094;94.61540222
SE;SUDESTE;2022-07-09;204615.32812500;132512.53125000;64.76180267
S;SUL;2022-07-09;19657.33007813;17804.96875000;90.57669830
NE;NORDESTE;2022-07-10;51691.22656250;46386.85156250;89.73829651
N;NORTE;2022-07-10;15302.39648438;14452.47851563;94.44589996
SE;SUDESTE;2022-07-10;204615.32812500;132416.67187500;64.71489716
S;SUL;2022-07-10;19657.33007813;17749.12695313;90.29270172
NE;NORDESTE;2022-07-11;51691.22656250;46221.06250000;89.41760254
N;NORTE;2022-07-11;15302.39648438;14408.01269531;94.15529633
SE;SUDESTE;2022-07-11;204615.32812500;132053.17187500;64.53730011
S;SUL;2022-07-11;19657.33007813;17594.84960938;89.50779724
NE;NORDESTE;2022-07-12;51691.22656250;46057.53125000;89.10130310
N;NORTE;2022-07-12;15302.39648438;14343.68261719;93.73490143
SE;SUDESTE;2022-07-12;204615.32812500;131723.50000000;64.37619781
S;SUL;2022-07-12;19657.33007813;17476.50390625;88.90579987
NE;NORDESTE;2022-07-13;51691.22656250;45852.11328125;88.70390320
N;NORTE;2022-07-13;15302.39648438;14292.87109375;93.40280151
SE;SUDESTE;2022-07-13;204615.32812500;131443.45312500;64.23930359
S;SUL;2022-07-13;19657.33007813;17317.27148438;88.09570313
NE;NORDESTE;2022-07-14;51691.22656250;45662.93359375;88.33789825
N;NORTE;2022-07-14;15302.39648438;14235.74316406;93.02950287
SE;SUDESTE;2022-07-14;204615.32812500;131175.81250000;64.10849762
S;SUL;2022-07-14;19657.33007813;17179.64257813;87.39559937
NE;NORDESTE;2022-07-15;51691.22656250;45484.53906250;87.99279785
N;NORTE;2022-07-15;15302.39648438;14172.44238281;92.61579895
SE;SUDESTE;2022-07-15;204615.32812500;130818.50781250;63.93389893
S;SUL;2022-07-15;19657.33007813;17046.29687500;86.71730042
NE;NORDESTE;2022-07-16;51691.22656250;45343.92187500;87.72070313
N;NORTE;2022-07-16;15302.39648438;14098.81542969;92.13469696
SE;SUDESTE;2022-07-16;204615.32812500;130712.61718750;63.88209915
S;SUL;2022-07-16;19657.33007813;16933.33984375;86.14260101
NE;NORDESTE;2022-07-17;51691.22656250;45213.89453125;87.46920013
N;NORTE;2022-07-17;15302.39648438;14068.55859375;91.93699646
SE;SUDESTE;2022-07-17;204615.32812500;130641.36718750;63.84730148
S;SUL;2022-07-17;19657.33007813;16911.20898438;86.02999878
NE;NORDESTE;2022-07-18;51691.22656250;45066.29687500;87.18360138
N;NORTE;2022-07-18;15302.39648438;14021.48242188;91.62930298
SE;SUDESTE;2022-07-18;204615.32812500;130256.72656250;63.65930176
S;SUL;2022-07-18;19657.33007813;16783.25000000;85.37909698
NE;NORDESTE;2022-07-19;51691.22656250;44911.14453125;86.88349915
N;NORTE;2022-07-19;15302.39648438;13991.11328125;91.43090057
SE;SUDESTE;2022-07-19;204615.32812500;129949.86718750;63.50930023
S;SUL;2022-07-19;19657.33007813;16652.43750000;84.71360016
NE;NORDESTE;2022-07-20;51691.22656250;44696.53515625;86.46829987
N;NORTE;2022-07-20;15302.39648438;13963.33984375;91.24939728
SE;SUDESTE;2022-07-20;204615.32812500;129666.54687500;63.37089920
S;SUL;2022-07-20;19657.33007813;16533.82031250;84.11019897
NE;NORDESTE;2022-07-21;51691.22656250;44489.29687500;86.06739807
N;NORTE;2022-07-21;15302.39648438;13911.58886719;90.91120148
SE;SUDESTE;2022-07-21;204615.32812500;129203.04687500;63.14440155
S;SUL;2022-07-21;19657.33007813;16380.24316406;83.32890320
NE;NORDESTE;2022-07-22;51691.22656250;44325.31640625;85.75019836
N;NORTE;2022-07-22;15302.39648438;13852.90429688;90.52770233
SE;SUDESTE;2022-07-22;204615.32812500;128767.14062500;62.93130112
S;SUL;2022-07-22;19657.33007813;16201.55468750;82.41989899
NE;NORDESTE;2022-07-23;51691.22656250;44205.41796875;85.51820374
N;NORTE;2022-07-23;15302.39648438;13825.67382813;90.34970093
SE;SUDESTE;2022-07-23;204615.32812500;128626.28906250;62.86249924
S;SUL;2022-07-23;19657.33007813;16050.02441406;81.64910126
NE;NORDESTE;2022-07-24;51691.22656250;44102.73437500;85.31960297
N;NORTE;2022-07-24;15302.39648438;13812.64648438;90.26460266
SE;SUDESTE;2022-07-24;204615.32812500;128499.25781250;62.80039978
S;SUL;2022-07-24;19657.33007813;15993.62792969;81.36219788
NE;NORDESTE;2022-07-25;51691.22656250;43967.29687500;85.05760193
N;NORTE;2022-07-25;15302.39648438;13798.21972656;90.17030334
SE;SUDESTE;2022-07-25;204615.32812500;128004.53125000;62.55860138
S;SUL;2022-07-25;19657.33007813;15843.07617188;80.59629822
NE;NORDESTE;2022-07-26;51691.22656250;43801.61328125;84.73699951
N;NORTE;2022-07-26;15302.39648438;13774.20410156;90.01339722
SE;SUDESTE;2022-07-26;204615.32812500;127592.64062500;62.35729980
S;SUL;2022-07-26;19657.33007813;15632.65722656;79.52580261
NE;NORDESTE;2022-07-27;51691.22656250;43629.21484375;84.40350342
N;NORTE;2022-07-27;15302.39648438;13726.85839844;89.70400238
SE;SUDESTE;2022-07-27;204615.32812500;127204.05468750;62.16740036
S;SUL;2022-07-27;19657.33007813;15434.42968750;78.51740265
NE;NORDESTE;2022-07-28;51691.22656250;43409.96484375;83.97940063
N;NORTE;2022-07-28;15302.39648438;13703.29882813;89.55000305
SE;SUDESTE;2022-07-28;204615.32812500;126829.64843750;61.98440170
S;SUL;2022-07-28;19657.33007813;15240.96289063;77.53320313
NE;NORDESTE;2022-07-29;51691.22656250;43180.16406250;83.53479767
N;NORTE;2022-07-29;15302.39648438;13691.45703125;89.47260284
SE;SUDESTE;2022-07-29;204615.32812500;126370.90625000;61.76020050
S;SUL;2022-07-29;19657.33007813;15049.72070313;76.56040192
NE;NORDESTE;2022-07-30;51691.22656250;42933.17187500;83.05699921
N;NORTE;2022-07-30;15302.39648438;13672.45898438;89.34850311
SE;SUDESTE;2022-07-30;204615.32812500;126129.47656250;61.64220047
S;SUL;2022-07-30;19657.33007813;14839.46875000;75.49079895
NE;NORDESTE;2022-07-31;51691.22656250;42713.48828125;82.63200378
N;NORTE;2022-07-31;15302.39648438;13658.03222656;89.25420380
SE;SUDESTE;2022-07-31;204615.32812500;125961.50000000;61.56010056
S;SUL;2022-07-31;19657.33007813;14769.86425781;75.13670349
NE;NORDESTE;2022-08-01;51691.22656250;42507.56250000;82.23359680
N;NORTE;2022-08-01;15302.39648438;13641.15527344;89.14389801
SE;SUDESTE;2022-08-01;204615.32812500;125464.60156250;61.31729889
S;SUL;2022-08-01;19657.33007813;14617.25683594;74.36029816
NE;NORDESTE;2022-08-02;51691.22656250;42274.40625000;81.78260040
N;NORTE;2022-08-02;15302.39648438;13611.19726563;88.94809723
SE;SUDESTE;2022-08-02;204615.32812500;124939.40625000;61.06060028
S;SUL;2022-08-02;19657.33007813;14402.78515625;73.26930237
NE;NORDESTE;2022-08-03;51691.22656250;42120.68750000;81.48519897
N;NORTE;2022-08-03;15302.39648438;13581.94628906;88.75700378
SE;SUDESTE;2022-08-03;204615.32812500;124396.58593750;60.79529953
S;SUL;2022-08-03;19657.33007813;14173.80371094;72.10440063
NE;NORDESTE;2022-08-04;51691.22656250;41956.86718750;81.16829681
N;NORTE;2022-08-04;15302.39648438;13563.32812500;88.63529968
SE;SUDESTE;2022-08-04;204615.32812500;123879.64843750;60.54270172
S;SUL;2022-08-04;19657.33007813;13955.19628906;70.99230194
NE;NORDESTE;2022-08-05;51691.22656250;41775.11718750;80.81659698
N;NORTE;2022-08-05;15302.39648438;13540.37597656;88.48529816
SE;SUDESTE;2022-08-05;204615.32812500;123373.53125000;60.29529953
S;SUL;2022-08-05;19657.33007813;13747.92187500;69.93789673
NE;NORDESTE;2022-08-06;51691.22656250;41557.48828125;80.39559937
N;NORTE;2022-08-06;15302.39648438;13521.20605469;88.36009979
SE;SUDESTE;2022-08-06;204615.32812500;123070.79687500;60.14739990
S;SUL;2022-08-06;19657.33007813;13631.64648438;69.34639740
NE;NORDESTE;2022-08-07;51691.22656250;41358.47656250;80.01059723
N;NORTE;2022-08-07;15302.39648438;13504.65722656;88.25189972
SE;SUDESTE;2022-08-07;204615.32812500;122866.98437500;60.04779816
S;SUL;2022-08-07;19657.33007813;13688.62011719;69.63619995
NE;NORDESTE;2022-08-08;51691.22656250;41150.14843750;79.60759735
N;NORTE;2022-08-08;15302.39648438;13489.63183594;88.15370178
SE;SUDESTE;2022-08-08;204615.32812500;122369.29687500;59.80459976
S;SUL;2022-08-08;19657.33007813;13686.40332031;69.62490082
NE;NORDESTE;2022-08-09;51691.22656250;40942.09765625;79.20510101
N;NORTE;2022-08-09;15302.39648438;13454.80175781;87.92610168
SE;SUDESTE;2022-08-09;204615.32812500;121876.02343750;59.56349945
S;SUL;2022-08-09;19657.33007813;13672.05566406;69.55190277
NE;NORDESTE;2022-08-10;51691.22656250;40713.66796875;78.76319885
N;NORTE;2022-08-10;15302.39648438;13425.71484375;87.73600006
SE;SUDESTE;2022-08-10;204615.32812500;121477.17968750;59.36859894
S;SUL;2022-08-10;19657.33007813;13791.23242188;70.15820313
NE;NORDESTE;2022-08-11;51691.22656250;40480.73437500;78.31259918
N;NORTE;2022-08-11;15302.39648438;13409.52343750;87.63020325
SE;SUDESTE;2022-08-11;204615.32812500;121160.51562500;59.21379852
S;SUL;2022-08-11;19657.33007813;13965.08300781;71.04260254
NE;NORDESTE;2022-08-12;51691.22656250;40323.44140625;78.00830078
N;NORTE;2022-08-12;15302.39648438;13395.47753906;87.53839874
SE;SUDESTE;2022-08-12;204615.32812500;120934.96875000;59.10359955
S;SUL;2022-08-12;19657.33007813;14166.55957031;72.06759644
NE;NORDESTE;2022-08-13;51691.22656250;40190.50781250;77.75109863
N;NORTE;2022-08-13;15302.39648438;13383.37695313;87.45939636
SE;SUDESTE;2022-08-13;204615.32812500;120692.04687500;58.98490143
S;SUL;2022-08-13;19657.33007813;14367.26074219;73.08860016
NE;NORDESTE;2022-08-14;51691.22656250;40053.75781250;77.48660278
N;NORTE;2022-08-14;15302.39648438;13374.64843750;87.40229797
SE;SUDESTE;2022-08-14;204615.32812500;120654.78906250;58.96659851
S;SUL;2022-08-14;19657.33007813;14543.63183594;73.98580170
NE;NORDESTE;2022-08-15;51691.22656250;39942.04687500;77.27050018
N;NORTE;2022-08-15;15302.39648438;13361.08496094;87.31369781
SE;SUDESTE;2022-08-15;204615.32812500;120199.42968750;58.74409866
S;SUL;2022-08-15;19657.33007813;14646.27246094;74.50789642
NE;NORDESTE;2022-08-16;51691.22656250;39854.87500000;77.10179901
N;NORTE;2022-08-16;15302.39648438;13344.91406250;87.20800018
SE;SUDESTE;2022-08-16;204615.32812500;119727.57031250;58.51350021
S;SUL;2022-08-16;19657.33007813;14741.76074219;74.99369812
NE;NORDESTE;2022-08-17;51691.22656250;39739.95312500;76.87950134
N;NORTE;2022-08-17;15302.39648438;13326.53125000;87.08789825
SE;SUDESTE;2022-08-17;204615.32812500;119439.04687500;58.37250137
S;SUL;2022-08-17;19657.33007813;14839.88281250;75.49289703
NE;NORDESTE;2022-08-18;51691.22656250;39599.94140625;76.60859680
N;NORTE;2022-08-18;15302.39648438;13304.67285156;86.94499969
SE;SUDESTE;2022-08-18;204615.32812500;119078.53125000;58.19630051
S;SUL;2022-08-18;19657.33007813;15340.10644531;78.03759766
NE;NORDESTE;2022-08-19;51691.22656250;39467.08984375;76.35160065
N;NORTE;2022-08-19;15302.39648438;13281.62988281;86.79440308
SE;SUDESTE;2022-08-19;204615.32812500;118759.96093750;58.04059982
S;SUL;2022-08-19;19657.33007813;15721.10351563;79.97579956
NE;NORDESTE;2022-08-20;51691.22656250;39329.12890625;76.08470154
N;NORTE;2022-08-20;15302.39648438;13266.33691406;86.69450378
SE;SUDESTE;2022-08-20;204615.32812500;118647.32812500;57.98559952
S;SUL;2022-08-20;19657.33007813;16092.93359375;81.86730194
NE;NORDESTE;2022-08-21;51691.22656250;39230.40234375;75.89369965
N;NORTE;2022-08-21;15302.39648438;13255.05761719;86.62079620
SE;SUDESTE;2022-08-21;204615.32812500;118556.42968750;57.94110107
S;SUL;2022-08-21;19657.33007813;16417.55859375;83.51879883
NE;NORDESTE;2022-08-22;51691.22656250;39068.55468750;75.58059692
N;NORTE;2022-08-22;15302.39648438;13232.18652344;86.47129822
SE;SUDESTE;2022-08-22;204615.32812500;118029.47656250;57.68360138
S;SUL;2022-08-22;19657.33007813;16616.44335938;84.53050232
NE;NORDESTE;2022-08-23;51691.22656250;38939.07031250;75.33010101
N;NORTE;2022-08-23;15302.39648438;13213.78417969;86.35109711
SE;SUDESTE;2022-08-23;204615.32812500;117593.90625000;57.47069931
S;SUL;2022-08-23;19657.33007813;16747.75195313;85.19850159
NE;NORDESTE;2022-08-24;51691.22656250;38773.47265625;75.00980377
N;NORTE;2022-08-24;15302.39648438;13189.63378906;86.19329834
SE;SUDESTE;2022-08-24;204615.32812500;117243.89062500;57.29970169
S;SUL;2022-08-24;19657.33007813;16826.60156250;85.59960175
NE;NORDESTE;2022-08-25;51691.22656250;38624.93750000;74.72239685
N;NORTE;2022-08-25;15302.39648438;13164.63085938;86.02989960
SE;SUDESTE;2022-08-25;204615.32812500;116866.77343750;57.11539841
S;SUL;2022-08-25;19657.33007813;16884.46289063;85.89399719
NE;NORDESTE;2022-08-26;51691.22656250;38444.05468750;74.37249756
N;NORTE;2022-08-26;15302.39648438;13148.13378906;85.92209625
SE;SUDESTE;2022-08-26;204615.32812500;116480.92187500;56.92679977
S;SUL;2022-08-26;19657.33007813;16910.05273438;86.02420044
NE;NORDESTE;2022-08-27;51691.22656250;38270.89843750;74.03749847
N;NORTE;2022-08-27;15302.39648438;13125.23339844;85.77239990
SE;SUDESTE;2022-08-27;204615.32812500;116215.75000000;56.79719925
S;SUL;2022-08-27;20459.24218750;17770.61718750;86.85859680
NE;NORDESTE;2022-08-28;51691.22656250;38156.23828125;73.81569672
N;NORTE;2022-08-28;15302.39648438;13106.92187500;85.65270233
SE;SUDESTE;2022-08-28;204615.32812500;115939.89062500;56.66239929
S;SUL;2022-08-28;20459.24218750;17851.74023438;87.25509644
NE;NORDESTE;2022-08-29;51691.22656250;38031.34375000;73.57409668
N;NORTE;2022-08-29;15302.39648438;13078.40722656;85.46640015
SE;SUDESTE;2022-08-29;204615.32812500;115381.44531250;56.38940048
S;SUL;2022-08-29;20459.24218750;17797.95703125;86.99230194
NE;NORDESTE;2022-08-30;51691.22656250;37905.64453125;73.33090210
N;NORTE;2022-08-30;15302.39648438;13045.40722656;85.25070190
SE;SUDESTE;2022-08-30;204615.32812500;115000.14843750;56.20309830
S;SUL;2022-08-30;20459.24218750;17722.01953125;86.62110138
NE;NORDESTE;2022-08-31;51691.22656250;37767.51171875;73.06369781
N;NORTE;2022-08-31;15302.39648438;13017.86523438;85.07080078
SE;SUDESTE;2022-08-31;204615.32812500;114625.82812500;56.02019882
S;SUL;2022-08-31;20459.24218750;17627.66406250;86.15989685
NE;NORDESTE;2022-09-01;51691.22656250;37635.17578125;72.80770111
N;NORTE;2022-09-01;15302.39648438;13001.05273438;84.96089935
SE;SUDESTE;2022-09-01;204615.32812500;114173.43750000;55.79909897
S;SUL;2022-09-01;20459.24218750;17528.43164063;85.67489624
NE;NORDESTE;2022-09-02;51691.22656250;37486.77734375;72.52059937
N;NORTE;2022-09-02;15302.39648438;12969.75781250;84.75640106
SE;SUDESTE;2022-09-02;204615.32812500;113684.82031250;55.56029892
S;SUL;2022-09-02;20459.24218750;17441.28515625;85.24890137
NE;NORDESTE;2022-09-03;51691.22656250;37364.79296875;72.28459930
N;NORTE;2022-09-03;15302.39648438;12948.75585938;84.61910248
SE;SUDESTE;2022-09-03;204615.32812500;113382.10937500;55.41230011
S;SUL;2022-09-03;20459.24218750;17388.41992188;84.99050140
NE;NORDESTE;2022-09-04;51691.22656250;37242.78125000;72.04859924
N;NORTE;2022-09-04;15302.39648438;12934.03125000;84.52290344
SE;SUDESTE;2022-09-04;204615.32812500;113225.00781250;55.33549881
S;SUL;2022-09-04;20459.24218750;17396.60351563;85.03050232
NE;NORDESTE;2022-09-05;51691.22656250;37120.31250000;71.81159973
N;NORTE;2022-09-05;15302.39648438;12913.29296875;84.38739777
SE;SUDESTE;2022-09-05;204615.32812500;112615.18750000;55.03749847
S;SUL;2022-09-05;20459.24218750;17303.00976563;84.57309723
NE;NORDESTE;2022-09-06;51691.22656250;36997.23437500;71.57350159
N;NORTE;2022-09-06;15302.39648438;12890.55566406;84.23880005
SE;SUDESTE;2022-09-06;204615.32812500;112121.46093750;54.79619980
S;SUL;2022-09-06;20459.24218750;17216.32421875;84.14939880
NE;NORDESTE;2022-09-07;51691.22656250;36877.78906250;71.34249878
N;NORTE;2022-09-07;15302.39648438;12862.48339844;84.05539703
SE;SUDESTE;2022-09-07;204615.32812500;111943.99218750;54.70949936
S;SUL;2022-09-07;20459.24218750;17221.04882813;84.17250061
NE;NORDESTE;2022-09-08;51691.22656250;36743.14453125;71.08200073
N;NORTE;2022-09-08;15302.39648438;12834.99511719;83.87570190
SE;SUDESTE;2022-09-08;204615.32812500;111460.52343750;54.47320175
S;SUL;2022-09-08;20459.24218750;17168.41796875;83.91519928
NE;NORDESTE;2022-09-09;51691.22656250;36633.65234375;70.87020111
N;NORTE;2022-09-09;15302.39648438;12760.61816406;83.38970184
SE;SUDESTE;2022-09-09;204615.32812500;110915.96875000;54.20709991
S;SUL;2022-09-09;20459.24218750;17059.58984375;83.38330078
NE;NORDESTE;2022-09-10;51691.22656250;36555.41015625;70.71880341
N;NORTE;2022-09-10;15302.39648438;12714.35351563;83.08730316
SE;SUDESTE;2022-09-10;204615.32812500;110595.79687500;54.05059814
S;SUL;2022-09-10;20459.24218750;16981.33984375;83.00080109
NE;NORDESTE;2022-09-11;51691.22656250;36460.92187500;70.53600311
N;NORTE;2022-09-11;15302.39648438;12679.08105469;82.85679626
SE;SUDESTE;2022-09-11;204615.32812500;110449.86718750;53.97930145
S;SUL;2022-09-11;20459.24218750;16959.48046875;82.89399719
NE;NORDESTE;2022-09-12;51691.22656250;36325.46093750;70.27390289
N;NORTE;2022-09-12;15302.39648438;12630.54492188;82.53970337
SE;SUDESTE;2022-09-12;204615.32812500;109781.74218750;53.65269852
S;SUL;2022-09-12;20459.24218750;16956.37304688;82.87879944
NE;NORDESTE;2022-09-13;51691.22656250;36182.32812500;69.99700165
N;NORTE;2022-09-13;15302.39648438;12557.51660156;82.06240082
SE;SUDESTE;2022-09-13;204615.32812500;109234.36718750;53.38520050
S;SUL;2022-09-13;20459.24218750;17059.53515625;83.38300323
NE;NORDESTE;2022-09-14;51691.22656250;36043.12109375;69.72769928
N;NORTE;2022-09-14;15302.39648438;12424.37890625;81.19239807
SE;SUDESTE;2022-09-14;204615.32812500;108658.53125000;53.10380173
S;SUL;2022-09-14;20459.24218750;17088.93359375;83.52670288
NE;NORDESTE;2022-09-15;51691.22656250;35922.07031250;69.49359894
N;NORTE;2022-09-15;15302.39648438;12310.19921875;80.44619751
SE;SUDESTE;2022-09-15;204615.32812500;108197.03125000;52.87829971
S;SUL;2022-09-15;20459.24218750;17078.32617188;83.47489929
NE;NORDESTE;2022-09-16;51691.22656250;35812.84765625;69.28230286
N;NORTE;2022-09-16;15302.39648438;12229.24414063;79.91719818
SE;SUDESTE;2022-09-16;204615.32812500;107764.53906250;52.66690063
S;SUL;2022-09-16;20459.24218750;17088.56640625;83.52490234
NE;NORDESTE;2022-09-17;51691.22656250;35716.61718750;69.09609985
N;NORTE;2022-09-17;15302.39648438;12189.22753906;79.65570068
SE;SUDESTE;2022-09-17;204615.32812500;107569.38281250;52.57149887
S;SUL;2022-09-17;20459.24218750;17130.89257813;83.73179626
NE;NORDESTE;2022-09-18;51691.22656250;35628.53125000;68.92569733
N;NORTE;2022-09-18;15302.39648438;12169.12011719;79.52429962
SE;SUDESTE;2022-09-18;204615.32812500;107477.10937500;52.52640152
S;SUL;2022-09-18;20459.24218750;17235.67382813;84.24389648
NE;NORDESTE;2022-09-19;51691.22656250;35505.99609375;68.68859863
N;NORTE;2022-09-19;15302.39648438;12100.45312500;79.07550049
SE;SUDESTE;2022-09-19;204615.32812500;106810.46875000;52.20059967
S;SUL;2022-09-19;20459.24218750;17252.29687500;84.32520294
NE;NORDESTE;2022-09-20;51691.22656250;35365.10546875;68.41609955
N;NORTE;2022-09-20;15302.39648438;12027.46289063;78.59860229
SE;SUDESTE;2022-09-20;204615.32812500;106296.17968750;51.94929886
S;SUL;2022-09-20;20459.24218750;17244.33203125;84.28630066
NE;NORDESTE;2022-09-21;51691.22656250;35215.55468750;68.12680054
N;NORTE;2022-09-21;15302.39648438;11949.02441406;78.08599854
SE;SUDESTE;2022-09-21;204615.32812500;105828.82031250;51.72090149
S;SUL;2022-09-21;20459.24218750;17208.19921875;84.10970306
NE;NORDESTE;2022-09-22;51691.22656250;35048.52343750;67.80359650
N;NORTE;2022-09-22;15302.39648438;11860.40625000;77.50689697
SE;SUDESTE;2022-09-22;204615.32812500;105380.53125000;51.50180054
S;SUL;2022-09-22;20459.24218750;17149.98242188;83.82510376
NE;NORDESTE;2022-09-23;51691.22656250;34953.07421875;67.61900330
N;NORTE;2022-09-23;15302.39648438;11815.79101563;77.21530151
SE;SUDESTE;2022-09-23;204615.32812500;105028.88281250;51.32989883
S;SUL;2022-09-23;20459.24218750;17084.35937500;83.50440216
NE;NORDESTE;2022-09-24;51691.22656250;34845.64062500;67.41110229
N;NORTE;2022-09-24;15302.39648438;11781.74023438;76.99279785
SE;SUDESTE;2022-09-24;204615.32812500;104953.54687500;51.29309845
S;SUL;2022-09-24;20459.24218750;17037.24609375;83.27410126
NE;NORDESTE;2022-09-25;51691.22656250;34777.58593750;67.27950287
N;NORTE;2022-09-25;15302.39648438;11775.55566406;76.95240021
SE;SUDESTE;2022-09-25;204615.32812500;105088.76562500;51.35919952
S;SUL;2022-09-25;20459.24218750;17117.58007813;83.66670227
NE;NORDESTE;2022-09-26;51691.22656250;34665.90625000;67.06340027
N;NORTE;2022-09-26;15302.39648438;11754.42675781;76.81430054
SE;SUDESTE;2022-09-26;204615.32812500;104728.36718750;51.18310165
S;SUL;2022-09-26;20459.24218750;17089.86132813;83.53130341
NE;NORDESTE;2022-09-27;51691.22656250;34587.65625000;66.91200256
N;NORTE;2022-09-27;15302.39648438;11731.28417969;76.66310120
SE;SUDESTE;2022-09-27;204615.32812500;104567.21875000;51.10430145
S;SUL;2022-09-27;20459.24218750;17034.25585938;83.25949860
NE;NORDESTE;2022-09-28;51691.22656250;34505.16796875;66.75250244
N;NORTE;2022-09-28;15302.39648438;11652.19140625;76.14620209
SE;SUDESTE;2022-09-28;204615.32812500;104603.30468750;51.12189865
S;SUL;2022-09-28;20459.24218750;16996.68359375;83.07579803
NE;NORDESTE;2022-09-29;51691.22656250;34371.96484375;66.49479675
N;NORTE;2022-09-29;15302.39648438;11569.62792969;75.60659790
SE;SUDESTE;2022-09-29;204615.32812500;104619.82812500;51.13000107
S;SUL;2022-09-29;20459.24218750;16988.39648438;83.03530121
NE;NORDESTE;2022-09-30;51691.22656250;34267.67968750;66.29299927
N;NORTE;2022-09-30;15302.39648438;11526.36132813;75.32389832
SE;SUDESTE;2022-09-30;204615.32812500;104588.04687500;51.11449814
S;SUL;2022-09-30;20459.24218750;17017.80078125;83.17900085
NE;NORDESTE;2022-10-01;51691.22656250;34163.91406250;66.09230042
N;NORTE;2022-10-01;15302.39648438;11513.50097656;75.23989868
SE;SUDESTE;2022-10-01;204615.32812500;104721.34375000;51.17959976
S;SUL;2022-10-01;20459.24218750;17079.09179688;83.47859955
NE;NORDESTE;2022-10-02;51691.22656250;34078.83203125;65.92769623
N;NORTE;2022-10-02;15302.39648438;11507.89843750;75.20320129
SE;SUDESTE;2022-10-02;204615.32812500;104810.53906250;51.22320175
S;SUL;2022-10-02;20459.24218750;17154.01757813;83.84480286
NE;NORDESTE;2022-10-03;51691.22656250;34001.07421875;65.77729797
N;NORTE;2022-10-03;15302.39648438;11431.82714844;74.70610046
SE;SUDESTE;2022-10-03;204615.32812500;104584.06250000;51.11249924
S;SUL;2022-10-03;20459.24218750;17120.67187500;83.68180084
NE;NORDESTE;2022-10-04;51691.22656250;33889.75781250;65.56189728
N;NORTE;2022-10-04;15302.39648438;11294.00878906;73.80549622
SE;SUDESTE;2022-10-04;204615.32812500;104457.21093750;51.05049896
S;SUL;2022-10-04;20459.24218750;17094.12890625;83.55210114
NE;NORDESTE;2022-10-05;51691.22656250;33798.83984375;65.38600159
N;NORTE;2022-10-05;15302.39648438;11210.20507813;73.25779724
SE;SUDESTE;2022-10-05;204615.32812500;104332.67187500;50.98970032
S;SUL;2022-10-05;20459.24218750;17065.90625000;83.41419983
NE;NORDESTE;2022-10-06;51691.22656250;33677.05078125;65.15039825
N;NORTE;2022-10-06;15302.39648438;11082.81347656;72.42530060
SE;SUDESTE;2022-10-06;204615.32812500;104084.96875000;50.86859894
S;SUL;2022-10-06;20459.24218750;17101.14062500;83.58640289
NE;NORDESTE;2022-10-07;51691.22656250;33569.75390625;64.94280243
N;NORTE;2022-10-07;15302.39648438;10913.72460938;71.32039642
SE;SUDESTE;2022-10-07;204615.32812500;104068.02343750;50.86029816
S;SUL;2022-10-07;20459.24218750;17126.06640625;83.70819855
NE;NORDESTE;2022-10-08;51691.22656250;33468.09375000;64.74620056
N;NORTE;2022-10-08;15302.39648438;10839.35742188;70.83439636
SE;SUDESTE;2022-10-08;204615.32812500;104332.54687500;50.98960114
S;SUL;2022-10-08;20459.24218750;17079.37890625;83.48000336
NE;NORDESTE;2022-10-09;51691.22656250;33365.49609375;64.54769897
N;NORTE;2022-10-09;15302.39648438;10819.70117188;70.70590210
SE;SUDESTE;2022-10-09;204615.32812500;104488.14062500;51.06560135
S;SUL;2022-10-09;20459.24218750;17129.94726563;83.72720337
NE;NORDESTE;2022-10-10;51691.22656250;33277.76171875;64.37799835
N;NORTE;2022-10-10;15302.39648438;10764.98339844;70.34829712
SE;SUDESTE;2022-10-10;204615.32812500;104439.83593750;51.04199982
S;SUL;2022-10-10;20459.24218750;17258.44726563;84.35530090
NE;NORDESTE;2022-10-11;51691.22656250;33179.97265625;64.18879700
N;NORTE;2022-10-11;15302.39648438;10720.93066406;70.06050110
SE;SUDESTE;2022-10-11;204615.32812500;104381.22656250;51.01340103
S;SUL;2022-10-11;20459.24218750;18000.46093750;87.98210144
NE;NORDESTE;2022-10-12;51691.22656250;33066.51953125;63.96929932
N;NORTE;2022-10-12;15302.39648438;10693.21289063;69.87930298
SE;SUDESTE;2022-10-12;204615.32812500;104516.92968750;51.07970047
S;SUL;2022-10-12;20459.24218750;18445.46093750;90.15709686
NE;NORDESTE;2022-10-13;51691.22656250;32974.76171875;63.79180145
N;NORTE;2022-10-13;15302.39648438;10588.21386719;69.19319916
SE;SUDESTE;2022-10-13;204615.32812500;104397.48437500;51.02130127
S;SUL;2022-10-13;20459.24218750;18488.86523438;90.36930084
NE;NORDESTE;2022-10-14;51691.22656250;32877.00390625;63.60269928
N;NORTE;2022-10-14;15302.39648438;10490.44628906;68.55429840
SE;SUDESTE;2022-10-14;204615.32812500;104296.77343750;50.97209930
S;SUL;2022-10-14;20459.24218750;18539.78320313;90.61810303
NE;NORDESTE;2022-10-15;51691.22656250;32787.60546875;63.42969894
N;NORTE;2022-10-15;15302.39648438;10464.57031250;68.38520050
SE;SUDESTE;2022-10-15;204615.32812500;104368.34375000;51.00709915
S;SUL;2022-10-15;20459.24218750;18623.49804688;91.02729797
NE;NORDESTE;2022-10-16;51691.22656250;32700.11328125;63.26050186
N;NORTE;2022-10-16;15302.39648438;10448.24511719;68.27850342
SE;SUDESTE;2022-10-16;204615.32812500;104302.12500000;50.97470093
S;SUL;2022-10-16;20459.24218750;18709.19140625;91.44619751
NE;NORDESTE;2022-10-17;51691.22656250;32643.36718750;63.15069962
N;NORTE;2022-10-17;15302.39648438;10387.70996094;67.88289642
SE;SUDESTE;2022-10-17;204615.32812500;104018.90625000;50.83629990
S;SUL;2022-10-17;20459.24218750;18721.83593750;91.50800323
NE;NORDESTE;2022-10-18;51691.22656250;32550.55468750;62.97109985
N;NORTE;2022-10-18;15302.39648438;10289.25488281;67.23950195
SE;SUDESTE;2022-10-18;204615.32812500;103785.65625000;50.72230148
S;SUL;2022-10-18;20459.24218750;18737.71093750;91.58560181
NE;NORDESTE;2022-10-19;51691.22656250;32442.46093750;62.76200104
N;NORTE;2022-10-19;15302.39648438;10167.58007813;66.44439697
SE;SUDESTE;2022-10-19;204615.32812500;103612.90625000;50.63790131
S;SUL;2022-10-19;20459.24218750;18724.89453125;91.52290344
NE;NORDESTE;2022-10-20;51691.22656250;32348.07617188;62.57939911
N;NORTE;2022-10-20;15302.39648438;10016.04785156;65.45410156
SE;SUDESTE;2022-10-20;204615.32812500;103286.67968750;50.47850037
S;SUL;2022-10-20;20459.24218750;18775.52148438;91.77040100
NE;NORDESTE;2022-10-21;51691.22656250;32242.29492188;62.37480164
N;NORTE;2022-10-21;15302.39648438;9865.51757813;64.47039795
SE;SUDESTE;2022-10-21;204615.32812500;103128.91406250;50.40140152
S;SUL;2022-10-21;20459.24218750;18769.80273438;91.74240112
NE;NORDESTE;2022-10-22;51691.22656250;32156.51953125;62.20890045
N;NORTE;2022-10-22;15302.39648438;9804.00000000;64.06839752
SE;SUDESTE;2022-10-22;204615.32812500;103206.50781250;50.43930054
S;SUL;2022-10-22;20459.24218750;18803.11718750;91.90519714
NE;NORDESTE;2022-10-23;51691.22656250;32064.06250000;62.02999878
N;NORTE;2022-10-23;15302.39648438;9771.07910156;63.85329819
SE;SUDESTE;2022-10-23;204615.32812500;103217.71093750;50.44480133
S;SUL;2022-10-23;20459.24218750;18832.27148438;92.04769897
NE;NORDESTE;2022-10-24;51691.22656250;31955.10351563;61.81919861
N;NORTE;2022-10-24;15302.39648438;9678.86425781;63.25059891
SE;SUDESTE;2022-10-24;204615.32812500;103046.07812500;50.36090088
S;SUL;2022-10-24;20459.24218750;18837.35742188;92.07260132
NE;NORDESTE;2022-10-25;51691.22656250;31826.01367188;61.56949997
N;NORTE;2022-10-25;15302.39648438;9588.59863281;62.66080093
SE;SUDESTE;2022-10-25;204615.32812500;102828.57031250;50.25460052
S;SUL;2022-10-25;20459.24218750;18867.79492188;92.22139740
NE;NORDESTE;2022-10-26;51691.22656250;31670.56835938;61.26869965
N;NORTE;2022-10-26;15302.39648438;9448.69042969;61.74649811
SE;SUDESTE;2022-10-26;204615.32812500;102468.14843750;50.07839966
S;SUL;2022-10-26;20459.24218750;18864.50976563;92.20529938
NE;NORDESTE;2022-10-27;51691.22656250;31574.48828125;61.08290100
N;NORTE;2022-10-27;15302.39648438;9317.04492188;60.88619995
SE;SUDESTE;2022-10-27;204615.32812500;102182.51562500;49.93880081
S;SUL;2022-10-27;20459.24218750;18835.20703125;92.06210327
NE;NORDESTE;2022-10-28;51691.22656250;31478.30664063;60.89680099
N;NORTE;2022-10-28;15302.39648438;9220.85644531;60.25759888
SE;SUDESTE;2022-10-28;204615.32812500;101925.98437500;49.81349945
S;SUL;2022-10-28;20459.24218750;18705.77734375;91.42949677
NE;NORDESTE;2022-10-29;51691.22656250;31393.73437500;60.73320007
N;NORTE;2022-10-29;15302.39648438;9128.06152344;59.65119934
SE;SUDESTE;2022-10-29;204615.32812500;101817.01562500;49.76020050
S;SUL;2022-10-29;20459.24218750;18701.01562500;91.40619659
NE;NORDESTE;2022-10-30;51691.22656250;31317.34765625;60.58539963
N;NORTE;2022-10-30;15302.39648438;9065.55566406;59.24269867
SE;SUDESTE;2022-10-30;204615.32812500;101763.03125000;49.73379898
S;SUL;2022-10-30;20459.24218750;18738.01757813;91.58709717
NE;NORDESTE;2022-10-31;51691.22656250;31182.13085938;60.32379913
N;NORTE;2022-10-31;15302.39648438;8876.55175781;58.00759888
SE;SUDESTE;2022-10-31;204615.32812500;101491.77343750;49.60129929
S;SUL;2022-10-31;20459.24218750;18750.98046875;91.65039825
NE;NORDESTE;2022-11-01;51691.22656250;31069.01757813;60.10499954
N;NORTE;2022-11-01;15302.39648438;8719.07910156;56.97850037
SE;SUDESTE;2022-11-01;204615.32812500;101526.01562500;49.61800003
S;SUL;2022-11-01;20459.24218750;18737.84179688;91.58619690
NE;NORDESTE;2022-11-02;51691.22656250;31050.11718750;60.06840134
N;NORTE;2022-11-02;15302.39648438;8695.94824219;56.82740021
SE;SUDESTE;2022-11-02;204615.32812500;101826.78906250;49.76499939
S;SUL;2022-11-02;20459.24218750;18800.38476563;91.89189911
NE;NORDESTE;2022-11-03;51691.22656250;31128.10742188;60.21929932
N;NORTE;2022-11-03;15302.39648438;8670.89941406;56.66370010
SE;SUDESTE;2022-11-03;204615.32812500;101662.75000000;49.68479919
S;SUL;2022-11-03;20459.24218750;18780.68554688;91.79560089
NE;NORDESTE;2022-11-04;51691.22656250;31259.68554688;60.47389984
N;NORTE;2022-11-04;15302.39648438;8657.59667969;56.57669830
SE;SUDESTE;2022-11-04;204615.32812500;101445.28906250;49.57849884
S;SUL;2022-11-04;20459.24218750;18748.79492188;91.63970184
NE;NORDESTE;2022-11-05;51691.22656250;31355.33984375;60.65890121
N;NORTE;2022-11-05;15302.39648438;8635.35839844;56.43140030
SE;SUDESTE;2022-11-05;204615.32812500;101433.92187500;49.57300186
S;SUL;2022-11-05;20459.24218750;18758.93750000;91.68930054
NE;NORDESTE;2022-11-06;51691.22656250;31423.50000000;60.79079819
N;NORTE;2022-11-06;15302.39648438;8642.80761719;56.48009872
SE;SUDESTE;2022-11-06;204615.32812500;101400.70312500;49.55670166
S;SUL;2022-11-06;20459.24218750;18762.10546875;91.70480347
NE;NORDESTE;2022-11-07;51691.22656250;31431.00390625;60.80530167
N;NORTE;2022-11-07;15302.39648438;8653.97460938;56.55310059
SE;SUDESTE;2022-11-07;204615.32812500;101123.10156250;49.42110062
S;SUL;2022-11-07;20459.24218750;18764.38671875;91.71589661
NE;NORDESTE;2022-11-08;51691.22656250;31375.08789063;60.69710159
N;NORTE;2022-11-08;15302.39648438;8661.99414063;56.60549927
SE;SUDESTE;2022-11-08;204615.32812500;100842.25781250;49.28379822
S;SUL;2022-11-08;20459.24218750;18689.18164063;91.34839630
NE;NORDESTE;2022-11-09;51691.22656250;31270.62695313;60.49499893
N;NORTE;2022-11-09;15302.39648438;8671.05761719;56.66469955
SE;SUDESTE;2022-11-09;204615.32812500;100564.64843750;49.14820099
S;SUL;2022-11-09;20459.24218750;18562.29687500;90.72820282
NE;NORDESTE;2022-11-10;51691.22656250;31143.40820313;60.24890137
N;NORTE;2022-11-10;15302.39648438;8669.21582031;56.65269852
SE;SUDESTE;2022-11-10;204615.32812500;100179.82031250;48.96009827
S;SUL;2022-11-10;20459.24218750;18421.93359375;90.04209900
NE;NORDESTE;2022-11-11;51691.22656250;31082.78710938;60.13159943
N;NORTE;2022-11-11;15302.39648438;8636.96191406;56.44189835
SE;SUDESTE;2022-11-11;204615.32812500;99788.99218750;48.76910019
S;SUL;2022-11-11;20459.24218750;18274.16796875;89.31990051
NE;NORDESTE;2022-11-12;51691.22656250;31054.09179688;60.07609940
N;NORTE;2022-11-12;15302.39648438;8623.93164063;56.35670090
SE;SUDESTE;2022-11-12;204615.32812500;99602.90625000;48.67810059
S;SUL;2022-11-12;20459.24218750;18180.95703125;88.86430359
NE;NORDESTE;2022-11-13;51691.22656250;31046.86328125;60.06219864
N;NORTE;2022-11-13;15302.39648438;8628.25292969;56.38499832
SE;SUDESTE;2022-11-13;204615.32812500;99669.96875000;48.71089935
S;SUL;2022-11-13;20459.24218750;18211.80078125;89.01499939
NE;NORDESTE;2022-11-14;51691.22656250;31053.18359375;60.07440186
N;NORTE;2022-11-14;15302.39648438;8576.24707031;56.04510117
SE;SUDESTE;2022-11-14;204615.32812500;99445.80468750;48.60129929
S;SUL;2022-11-14;20459.24218750;18120.16015625;88.56710052
NE;NORDESTE;2022-11-15;51691.22656250;31046.40429688;60.06129837
N;NORTE;2022-11-15;15302.39648438;8532.25097656;55.75759888
SE;SUDESTE;2022-11-15;204615.32812500;99556.60156250;48.65549850
S;SUL;2022-11-15;20459.24218750;18049.20117188;88.22029877
NE;NORDESTE;2022-11-16;51691.22656250;31029.39648438;60.02840042
N;NORTE;2022-11-16;15302.39648438;8488.28320313;55.47029877
SE;SUDESTE;2022-11-16;204615.32812500;99361.70312500;48.56019974
S;SUL;2022-11-16;20459.24218750;17924.43554688;87.61049652
NE;NORDESTE;2022-11-17;51691.22656250;31007.47460938;59.98600006
N;NORTE;2022-11-17;15302.39648438;8453.25195313;55.24140167
SE;SUDESTE;2022-11-17;204615.32812500;99007.48437500;48.38710022
S;SUL;2022-11-17;20459.24218750;17817.97460938;87.09010315
NE;NORDESTE;2022-11-18;51691.22656250;30937.35156250;59.85029984
N;NORTE;2022-11-18;15302.39648438;8386.74707031;54.80680084
SE;SUDESTE;2022-11-18;204615.32812500;98524.52343750;48.15110016
S;SUL;2022-11-18;20459.24218750;17646.46093750;86.25180054
NE;NORDESTE;2022-11-19;51691.22656250;30957.00781250;59.88830185
N;NORTE;2022-11-19;15302.39648438;8323.12402344;54.39099884
SE;SUDESTE;2022-11-19;204615.32812500;98436.16406250;48.10789871
S;SUL;2022-11-19;20459.24218750;17557.29687500;85.81600189
NE;NORDESTE;2022-11-20;51691.22656250;30948.49414063;59.87189865
N;NORTE;2022-11-20;15302.39648438;8284.35253906;54.13759995
SE;SUDESTE;2022-11-20;204615.32812500;98393.78125000;48.08720016
S;SUL;2022-11-20;20459.24218750;17459.88085938;85.33979797
NE;NORDESTE;2022-11-21;51691.22656250;30901.81250000;59.78150177
N;NORTE;2022-11-21;15302.39648438;8216.66406250;53.69530106
SE;SUDESTE;2022-11-21;204615.32812500;97792.62500000;47.79339981
S;SUL;2022-11-21;20459.24218750;17300.35937500;84.56009674
NE;NORDESTE;2022-11-22;51691.22656250;30829.09960938;59.64089966
N;NORTE;2022-11-22;15302.39648438;8140.70117188;53.19889832
SE;SUDESTE;2022-11-22;204615.32812500;97370.81250000;47.58729935
S;SUL;2022-11-22;20459.24218750;17129.95703125;83.72720337
NE;NORDESTE;2022-11-23;51691.22656250;30771.26757813;59.52899933
N;NORTE;2022-11-23;15302.39648438;8074.35888672;52.76530075
SE;SUDESTE;2022-11-23;204615.32812500;96891.26562500;47.35290146
S;SUL;2022-11-23;20459.24218750;16915.67382813;82.67990112
NE;NORDESTE;2022-11-24;51691.22656250;30700.54882813;59.39220047
N;NORTE;2022-11-24;15302.39648438;8009.54492188;52.34180069
SE;SUDESTE;2022-11-24;204615.32812500;96569.02343750;47.19540024
S;SUL;2022-11-24;20459.24218750;16763.46289063;81.93589783
NE;NORDESTE;2022-11-25;51691.22656250;30607.50976563;59.21220016
N;NORTE;2022-11-25;15302.39648438;7975.05908203;52.11640167
SE;SUDESTE;2022-11-25;204615.32812500;96288.31250000;47.05820084
S;SUL;2022-11-25;20459.24218750;16572.79492188;81.00399780
NE;NORDESTE;2022-11-26;51691.22656250;30543.19335938;59.08779907
N;NORTE;2022-11-26;15302.39648438;7964.64306641;52.04830170
SE;SUDESTE;2022-11-26;204615.32812500;96125.16406250;46.97850037
S;SUL;2022-11-26;20459.24218750;16393.72656250;80.12870026
NE;NORDESTE;2022-11-27;51691.22656250;30481.75976563;58.96889877
N;NORTE;2022-11-27;15302.39648438;7957.39697266;52.00099945
SE;SUDESTE;2022-11-27;204615.32812500;96224.63281250;47.02709961
S;SUL;2022-11-27;20459.24218750;16287.04003906;79.60729980
NE;NORDESTE;2022-11-28;51691.22656250;30450.12890625;58.90769958
N;NORTE;2022-11-28;15302.39648438;7937.53515625;51.87120056
SE;SUDESTE;2022-11-28;204615.32812500;95763.15625000;46.80160141
S;SUL;2022-11-28;20459.24218750;16189.66796875;79.13130188
NE;NORDESTE;2022-11-29;51691.22656250;30338.63085938;58.69200134
N;NORTE;2022-11-29;15302.39648438;7925.77978516;51.79439926
SE;SUDESTE;2022-11-29;204615.32812500;95439.68750000;46.64350128
S;SUL;2022-11-29;20459.24218750;16086.00878906;78.62470245
NE;NORDESTE;2022-11-30;51691.22656250;30227.01367188;58.47610092
N;NORTE;2022-11-30;15302.39648438;7932.72412109;51.83980179
SE;SUDESTE;2022-11-30;204615.32812500;95119.78906250;46.48709869
S;SUL;2022-11-30;20459.24218750;15975.73437500;78.08570099
NE;NORDESTE;2022-12-01;51691.22656250;30209.83203125;58.44290161
N;NORTE;2022-12-01;15302.39648438;7951.58398438;51.96300125
SE;SUDESTE;2022-12-01;204615.32812500;94995.43750000;46.42639923
S;SUL;2022-12-01;20459.24218750;15884.32910156;77.63890076
NE;NORDESTE;2022-12-02;51691.22656250;30222.84765625;58.46799850
N;NORTE;2022-12-02;15302.39648438;7978.78515625;52.14080048
SE;SUDESTE;2022-12-02;204615.32812500;94893.96875000;46.37680054
S;SUL;2022-12-02;20459.24218750;15819.25781250;77.32080078
NE;NORDESTE;2022-12-03;51691.22656250;30233.85937500;58.48929977
N;NORTE;2022-12-03;15302.39648438;8061.40478516;52.68069839
SE;SUDESTE;2022-12-03;204615.32812500;94977.41406250;46.41749954
S;SUL;2022-12-03;20459.24218750;15904.79882813;77.73889923
NE;NORDESTE;2022-12-04;51691.22656250;30308.12304688;58.63299942
N;NORTE;2022-12-04;15302.39648438;8189.66406250;53.51879883
SE;SUDESTE;2022-12-04;204615.32812500;95312.30468750;46.58119965
S;SUL;2022-12-04;20459.24218750;15945.72460938;77.93900299
NE;NORDESTE;2022-12-05;51691.22656250;30367.76171875;58.74840164
N;NORTE;2022-12-05;15302.39648438;8319.94335938;54.37020111
SE;SUDESTE;2022-12-05;204615.32812500;95413.17187500;46.63050079
S;SUL;2022-12-05;20459.24218750;16048.60839844;78.44190216
NE;NORDESTE;2022-12-06;51691.22656250;30437.36523438;58.88299942
N;NORTE;2022-12-06;15302.39648438;8403.59082031;54.91680145
SE;SUDESTE;2022-12-06;204615.32812500;95758.22656250;46.79909897
S;SUL;2022-12-06;20459.24218750;16077.94726563;78.58529663
NE;NORDESTE;2022-12-07;51691.22656250;30495.45507813;58.99539948
N;NORTE;2022-12-07;15302.39648438;8436.77832031;55.13370132
SE;SUDESTE;2022-12-07;204615.32812500;96272.23437500;47.05039978
S;SUL;2022-12-07;20459.24218750;16124.52246094;78.81289673
NE;NORDESTE;2022-12-08;51691.22656250;30558.20117188;59.11679840
N;NORTE;2022-12-08;15302.39648438;8447.47265625;55.20360184
SE;SUDESTE;2022-12-08;204615.32812500;96528.68750000;47.17570114
S;SUL;2022-12-08;20459.24218750;16140.48437500;78.89089966
NE;NORDESTE;2022-12-09;51691.22656250;30641.85742188;59.27859879
N;NORTE;2022-12-09;15302.39648438;8451.75683594;55.23160172
SE;SUDESTE;2022-12-09;204615.32812500;96786.96093750;47.30189896
S;SUL;2022-12-09;20459.24218750;16128.89843750;78.83429718
NE;NORDESTE;2022-12-10;51691.22656250;30754.76757813;59.49710083
N;NORTE;2022-12-10;15302.39648438;8491.76171875;55.49300003
SE;SUDESTE;2022-12-10;204615.32812500;97257.01562500;47.53160095
S;SUL;2022-12-10;20459.24218750;16133.25292969;78.85559845
NE;NORDESTE;2022-12-11;51691.22656250;30840.81054688;59.66350174
N;NORTE;2022-12-11;15302.39648438;8577.84667969;56.05559921
SE;SUDESTE;2022-12-11;204615.32812500;97714.12500000;47.75500107
S;SUL;2022-12-11;20459.24218750;16185.36523438;79.11029816
NE;NORDESTE;2022-12-12;51691.22656250;30918.76757813;59.81430054
N;NORTE;2022-12-12;15302.39648438;8553.42480469;55.89599991
SE;SUDESTE;2022-12-12;204615.32812500;97689.78125000;47.74309921
S;SUL;2022-12-12;20459.24218750;16150.89062500;78.94180298
NE;NORDESTE;2022-12-13;51691.22656250;30979.62304688;59.93209839
N;NORTE;2022-12-13;15302.39648438;8488.99121094;55.47489929
SE;SUDESTE;2022-12-13;204615.32812500;98056.79687500;47.92250061
S;SUL;2022-12-13;20459.24218750;16231.13964844;79.33399963
NE;NORDESTE;2022-12-14;51691.22656250;31001.75000000;59.97489929
N;NORTE;2022-12-14;15302.39648438;8462.22558594;55.29999924
SE;SUDESTE;2022-12-14;204615.32812500;98376.86718750;48.07889938
S;SUL;2022-12-14;20459.24218750;16274.69238281;79.54689789
NE;NORDESTE;2022-12-15;51691.22656250;31040.49414063;60.04980087
N;NORTE;2022-12-15;15302.39648438;8454.11328125;55.24700165
SE;SUDESTE;2022-12-15;204615.32812500;98554.69531250;48.16579819
S;SUL;2022-12-15;20459.24218750;16295.77636719;79.64990234
NE;NORDESTE;2022-12-16;51691.22656250;31071.53320313;60.10990143
N;NORTE;2022-12-16;15302.39648438;8445.02929688;55.18759918
SE;SUDESTE;2022-12-16;204615.32812500;98734.71093750;48.25379944
S;SUL;2022-12-16;20459.24218750;16300.49023438;79.67299652
NE;NORDESTE;2022-12-17;51691.22656250;31182.23437500;60.32400131
N;NORTE;2022-12-17;15302.39648438;8450.64257813;55.22430038
SE;SUDESTE;2022-12-17;204615.32812500;99156.09375000;48.45980072
S;SUL;2022-12-17;20459.24218750;16309.67187500;79.71790314
NE;NORDESTE;2022-12-18;51691.22656250;31329.68750000;60.60929871
N;NORTE;2022-12-18;15302.39648438;8452.50585938;55.23649979
SE;SUDESTE;2022-12-18;204615.32812500;99798.95312500;48.77389908
S;SUL;2022-12-18;20459.24218750;16434.17578125;80.32640076
NE;NORDESTE;2022-12-19;51691.22656250;31425.00585938;60.79370117
N;NORTE;2022-12-19;15302.39648438;8454.64941406;55.25049973
SE;SUDESTE;2022-12-19;204615.32812500;100166.34375000;48.95349884
S;SUL;2022-12-19;20459.24218750;16536.10156250;80.82460022
NE;NORDESTE;2022-12-20;51691.22656250;31525.23046875;60.98759842
N;NORTE;2022-12-20;15302.39648438;8460.00976563;55.28549957
SE;SUDESTE;2022-12-20;204615.32812500;100717.68750000;49.22290039
S;SUL;2022-12-20;20459.24218750;16616.41015625;81.21710205
NE;NORDESTE;2022-12-21;51691.22656250;31625.34375000;61.18130112
N;NORTE;2022-12-21;15302.39648438;8470.99023438;55.35729980
SE;SUDESTE;2022-12-21;204615.32812500;101269.74218750;49.49269867
S;SUL;2022-12-21;20459.24218750;16665.05859375;81.45490265
NE;NORDESTE;2022-12-22;51691.22656250;31825.87304688;61.56919861
N;NORTE;2022-12-22;15302.39648438;8473.78320313;55.37549973
SE;SUDESTE;2022-12-22;204615.32812500;101843.03125000;49.77289963
S;SUL;2022-12-22;20459.24218750;16678.04296875;81.51840210
NE;NORDESTE;2022-12-23;51691.22656250;32099.03125000;62.09759903
N;NORTE;2022-12-23;15302.39648438;8473.08789063;55.37099838
SE;SUDESTE;2022-12-23;204615.32812500;102105.91406250;49.90140152
S;SUL;2022-12-23;20459.24218750;16639.18945313;81.32849884
NE;NORDESTE;2022-12-24;51691.22656250;32395.15039063;62.67050171
N;NORTE;2022-12-24;15302.39648438;8501.47656250;55.55649948
SE;SUDESTE;2022-12-24;204615.32812500;102462.18750000;50.07550049
S;SUL;2022-12-24;20459.24218750;16645.41992188;81.35890198
NE;NORDESTE;2022-12-25;51691.22656250;32675.75585938;63.21329880
N;NORTE;2022-12-25;15302.39648438;8593.28027344;56.15639877
SE;SUDESTE;2022-12-25;204615.32812500;102969.83593750;50.32360077
S;SUL;2022-12-25;20459.24218750;16688.82812500;81.57109833
NE;NORDESTE;2022-12-26;51691.22656250;32988.33593750;63.81809998
N;NORTE;2022-12-26;15302.39648438;8688.52734375;56.77890015
SE;SUDESTE;2022-12-26;204615.32812500;103561.53906250;50.61280060
S;SUL;2022-12-26;20459.24218750;16674.66406250;81.50189972
NE;NORDESTE;2022-12-27;51691.22656250;33276.84765625;64.37619781
N;NORTE;2022-12-27;15302.39648438;8739.02343750;57.10889816
SE;SUDESTE;2022-12-27;204615.32812500;104338.75000000;50.99259949
S;SUL;2022-12-27;20459.24218750;16755.00976563;81.89459991
NE;NORDESTE;2022-12-28;51691.22656250;33563.30859375;64.93039703
N;NORTE;2022-12-28;15302.39648438;8807.91894531;57.55910110
SE;SUDESTE;2022-12-28;204615.32812500;105240.29687500;51.43320084
S;SUL;2022-12-28;20459.24218750;16850.51757813;82.36139679
NE;NORDESTE;2022-12-29;51691.22656250;33877.11718750;65.53749847
N;NORTE;2022-12-29;15302.39648438;8887.12597656;58.07669830
SE;SUDESTE;2022-12-29;204615.32812500;106267.51562500;51.93529892
S;SUL;2022-12-29;20459.24218750;16927.13671875;82.73590088
NE;NORDESTE;2022-12-30;51691.22656250;34214.06640625;66.18930054
N;NORTE;2022-12-30;15302.39648438;9037.96093750;59.06240082
SE;SUDESTE;2022-12-30;204615.32812500;107385.33593750;52.48160172
S;SUL;2022-12-30;20459.24218750;17054.55859375;83.35870361
NE;NORDESTE;2022-12-31;51691.22656250;34609.03125000;66.95339966
N;NORTE;2022-12-31;15302.39648438;9224.82714844;60.28350067
SE;SUDESTE;2022-12-31;204615.32812500;108469.87500000;53.01160049
S;SUL;2022-12-31;20459.24218750;17161.55273438;83.88169861
